{"type": "FeatureCollection", "features": [{"type": "Feature", "geometry": {"type": "LineString", "coordinates": [[-2.1119826, 49.183719], [-2.1117192, 49.1839192], [-2.1114942, 49.1840852]]}, "properties": {"way_id": 2783750, "name": "Castle Street"}}, {"type": "Feature", "geometry": {"type": "LineString", "coordinates": [[-2.1472007, 49.1981206], [-2.1471055, 49.1981201]]}, "properties": {"way_id": 2783753, "name": "La Route de St Aubin"}}, {"type": "Feature", "geometry": {"type": "LineString", "coordinates": [[-2.1373204, 49.2451614], [-2.1368463, 49.2450605], [-2.1362348, 49.2449248], [-2.1356077, 49.2447565]]}, "properties": {"way_id": 2783754, "name": "Route des Issues"}}, {"type": "Feature", "geometry": {"type": "LineString", "coordinates": [[-2.1702985, 49.1874542], [-2.1703614, 49.1874223], [-2.1704339, 49.187409], [-2.1705266, 49.1874082], [-2.1706386, 49.1874303]]}, "properties": {"way_id": 2783758, "name": "Charing Cross"}}, {"type": "Feature", "geometry": {"type": "LineString", "coordinates": [[-2.1606532, 49.1953732], [-2.1615003, 49.1951266], [-2.1617343, 49.1950389], [-2.1620463, 49.194922], [-2.1624565, 49.1947683], [-2.1632569, 49.1944532], [-2.1635554, 49.1943357], [-2.1637875, 49.1942195], [-2.1641144, 49.1940558], [-2.164947, 49.19361], [-2.1655161, 49.1932656], [-2.1660157, 49.192961], [-2.1665178, 49.1925346], [-2.166872, 49.1922135]]}, "properties": {"way_id": 2783760, "name": "Route de la Haule"}}, {"type": "Feature", "geometry": {"type": "LineString", "coordinates": [[-2.1899975, 49.2030965], [-2.1901994, 49.2029203], [-2.19041, 49.2027873], [-2.1907077, 49.2026516], [-2.1909317, 49.2025707], [-2.1911503, 49.2025124], [-2.1913447, 49.2024755], [-2.1917018, 49.2024349], [-2.1917194, 49.2024329], [-2.1917428, 49.2024318], [-2.1921824, 49.2024117], [-2.1932991, 49.2024071], [-2.1937512, 49.2024015], [-2.1939252, 49.2023994]]}, "properties": {"way_id": 2783766, "name": "Avenue de la Commune"}}, {"type": "Feature", "geometry": {"type": "LineString", "coordinates": [[-2.1276524, 49.1936346], [-2.1264372, 49.1930092], [-2.1252195, 49.1923825], [-2.1240329, 49.1917666], [-2.1238484, 49.1916708], [-2.1229437, 49.1912061], [-2.1219412, 49.1906654], [-2.1217647, 49.1905625], [-2.1217274, 49.190541], [-2.1203599, 49.1897522], [-2.1195713, 49.1892537], [-2.1185876, 49.1886667], [-2.1181738, 49.1883982]]}, "properties": {"way_id": 2783771, "name": "Victoria Avenue"}}, {"type": "Feature", "geometry": {"type": "LineString", "coordinates": [[-2.1763567, 49.235943], [-2.175856, 49.2360464], [-2.1755962, 49.2361], [-2.1747741, 49.2362246], [-2.1743609, 49.2362654], [-2.1742826, 49.2362731], [-2.1741564, 49.2362856], [-2.174077, 49.2362956], [-2.172897, 49.2364183], [-2.171251, 49.236671], [-2.1697415, 49.2369298], [-2.1693211, 49.2370128], [-2.1686599, 49.2371434], [-2.1683109, 49.237245]]}, "properties": {"way_id": 2783772, "name": "Verte Rue"}}, {"type": "Feature", "geometry": {"type": "LineString", "coordinates": [[-2.2020167, 49.2320474], [-2.2011553, 49.232053], [-2.2009957, 49.2320657], [-2.2007391, 49.2320862], [-2.2001874, 49.2321291], [-2.2000788, 49.2321272], [-2.1999695, 49.232114], [-2.1998354, 49.2320628], [-2.1994459, 49.231867], [-2.1993896, 49.2318387], [-2.1993603, 49.231824], [-2.1991762, 49.2317595], [-2.1990919, 49.2317509], [-2.1990758, 49.2317498]]}, "properties": {"way_id": 2783773, "name": "Rue de la Forge"}}, {"type": "Feature", "geometry": {"type": "LineString", "coordinates": [[-2.1616471, 49.1988568], [-2.1618296, 49.1989073], [-2.162006, 49.1989441], [-2.1625614, 49.1990217], [-2.1628186, 49.1990855], [-2.1631005, 49.1991784], [-2.1633725, 49.1993106], [-2.1635038, 49.199383], [-2.1637, 49.1994911], [-2.1638334, 49.1995687]]}, "properties": {"way_id": 2783782, "name": "Route de Beaumont"}}, {"type": "Feature", "geometry": {"type": "LineString", "coordinates": [[-2.1166857, 49.187398], [-2.1167098, 49.1874917], [-2.1167056, 49.1875225], [-2.1166921, 49.1875587]]}, "properties": {"way_id": 2783783, "name": ""}}, {"type": "Feature", "geometry": {"type": "LineString", "coordinates": [[-2.1126544, 49.183385], [-2.1128795, 49.1835105], [-2.1129049, 49.183526], [-2.113222, 49.1836901], [-2.1134884, 49.1838504], [-2.1137559, 49.18404], [-2.1139413, 49.1842405], [-2.1140294, 49.1843689], [-2.1141054, 49.1845023], [-2.1141006, 49.1846033]]}, "properties": {"way_id": 2783786, "name": "Route de la Liberation"}}, {"type": "Feature", "geometry": {"type": "LineString", "coordinates": [[-2.2002194, 49.1904669], [-2.2003264, 49.1904934], [-2.2003858, 49.1905081], [-2.2007315, 49.1905171]]}, "properties": {"way_id": 2783787, "name": "Route Orange"}}, {"type": "Feature", "geometry": {"type": "LineString", "coordinates": [[-2.1114225, 49.2394831], [-2.1113767, 49.2396225], [-2.1113318, 49.2397594]]}, "properties": {"way_id": 2783791, "name": "La Grande Route de Saint Jean"}}, {"type": "Feature", "geometry": {"type": "LineString", "coordinates": [[-2.1745978, 49.2192305], [-2.1736998, 49.218432], [-2.1735637, 49.2182175], [-2.1734618, 49.2180738], [-2.1731437, 49.2175897], [-2.1721787, 49.2161475], [-2.1720502, 49.2159541], [-2.1715233, 49.2151905], [-2.1712071, 49.2149083], [-2.1710107, 49.2146053], [-2.1707071, 49.2141367], [-2.170368, 49.2134616], [-2.1702905, 49.2133593], [-2.1701996, 49.2132653], [-2.170106, 49.2131875], [-2.1699914, 49.2131181], [-2.16953, 49.2129414], [-2.1683761, 49.2125112], [-2.1682175, 49.2124565], [-2.1680309, 49.2124169], [-2.1678441, 49.2123903], [-2.1675866, 49.2123716], [-2.1671296, 49.2123446], [-2.1665325, 49.2123099], [-2.1658758, 49.2122466], [-2.1654998, 49.212251], [-2.164781, 49.2122381], [-2.1643604, 49.2122246], [-2.1642856, 49.2122162], [-2.1641587, 49.21219], [-2.1640236, 49.2121474], [-2.1630858, 49.211753], [-2.1626915, 49.2115953], [-2.1622408, 49.2114289], [-2.1612596, 49.21112], [-2.161186, 49.2110807], [-2.1611497, 49.2110343], [-2.1611463, 49.2109748], [-2.1611707, 49.2109085], [-2.1614004, 49.2105639], [-2.1614926, 49.210419], [-2.1615849, 49.2102739], [-2.1616748, 49.2101253]]}, "properties": {"way_id": 2783798, "name": "La Vall\u00e9e de St Pierre"}}, {"type": "Feature", "geometry": {"type": "LineString", "coordinates": [[-2.2180294, 49.1853101], [-2.2183733, 49.1854546], [-2.2186321, 49.1855786], [-2.2188415, 49.1856781], [-2.2194684, 49.1859555], [-2.2196272, 49.1860122], [-2.2197938, 49.186056], [-2.2199394, 49.1860684]]}, "properties": {"way_id": 2783802, "name": "Rue de la Sergente"}}, {"type": "Feature", "geometry": {"type": "LineString", "coordinates": [[-2.1760512, 49.2349228], [-2.1763458, 49.2359065], [-2.1763567, 49.235943]]}, "properties": {"way_id": 2783803, "name": "Rue du Rondin"}}, {"type": "Feature", "geometry": {"type": "LineString", "coordinates": [[-2.2394931, 49.183569], [-2.2394123, 49.1835851], [-2.2393379, 49.1835831], [-2.2389578, 49.1835358], [-2.2388264, 49.1835392], [-2.2384748, 49.1835973], [-2.2378966, 49.1837156], [-2.2373564, 49.1838514], [-2.2370638, 49.1839008], [-2.2369332, 49.1839184], [-2.2364902, 49.1839427], [-2.2359022, 49.1839495], [-2.2356744, 49.183932], [-2.2353016, 49.1838707], [-2.2351858, 49.1838624], [-2.2348994, 49.183876], [-2.2338259, 49.1839202]]}, "properties": {"way_id": 2783805, "name": "Rue du Grouet"}}, {"type": "Feature", "geometry": {"type": "LineString", "coordinates": [[-2.1900538, 49.2062285], [-2.1900276, 49.2062567], [-2.1899898, 49.2062785], [-2.1899439, 49.206292], [-2.1898939, 49.2062962], [-2.1898443, 49.2062905], [-2.1897995, 49.2062755], [-2.1897634, 49.2062525], [-2.1897382, 49.2062218], [-2.189729, 49.2061876], [-2.1897365, 49.2061531], [-2.1897601, 49.2061219], [-2.1897974, 49.206097], [-2.1898446, 49.206081], [-2.1898972, 49.2060754], [-2.1899518, 49.2060811], [-2.1900007, 49.2060981], [-2.1900385, 49.2061245], [-2.1900613, 49.2061574], [-2.1900666, 49.2061934], [-2.1900538, 49.2062285]]}, "properties": {"way_id": 2783808, "name": ""}}, {"type": "Feature", "geometry": {"type": "LineString", "coordinates": [[-2.1143959, 49.1861272], [-2.1142651, 49.1859622], [-2.1142115, 49.185874], [-2.1141559, 49.1857562]]}, "properties": {"way_id": 2783810, "name": "Route de la Liberation"}}, {"type": "Feature", "geometry": {"type": "LineString", "coordinates": [[-2.1550052, 49.2048807], [-2.1549974, 49.2049587], [-2.1550323, 49.2051056], [-2.1550469, 49.2052294]]}, "properties": {"way_id": 2783812, "name": "Rue des Pr\u00e9s Sorsoleil"}}, {"type": "Feature", "geometry": {"type": "LineString", "coordinates": [[-2.1141559, 49.1857562], [-2.1140577, 49.1857024], [-2.1139937, 49.185681], [-2.1139282, 49.185666], [-2.113848, 49.185656]]}, "properties": {"way_id": 2783819, "name": "Esplanade"}}, {"type": "Feature", "geometry": {"type": "LineString", "coordinates": [[-2.173482, 49.2069547], [-2.1737122, 49.206904], [-2.1742053, 49.2068144], [-2.1746527, 49.2068228], [-2.1751052, 49.2068797], [-2.1752646, 49.2068997], [-2.1757464, 49.2069223], [-2.1760846, 49.2068682], [-2.1764606, 49.2067455], [-2.1770952, 49.2064807], [-2.1777425, 49.2062987], [-2.1781752, 49.20622], [-2.178733, 49.2061593], [-2.1789205, 49.2061518], [-2.1797252, 49.2061922], [-2.1806689, 49.2062186], [-2.1814442, 49.2061695]]}, "properties": {"way_id": 4014300, "name": "Avenue de la Reine Elizabeth II"}}, {"type": "Feature", "geometry": {"type": "LineString", "coordinates": [[-2.1122502, 49.1836284], [-2.1121211, 49.1836708], [-2.1119826, 49.183719]]}, "properties": {"way_id": 8048246, "name": "Castle Street"}}, {"type": "Feature", "geometry": {"type": "LineString", "coordinates": [[-2.1119826, 49.183719], [-2.1120138, 49.1836224], [-2.1120447, 49.1835257]]}, "properties": {"way_id": 8048247, "name": "Castle Street"}}, {"type": "Feature", "geometry": {"type": "LineString", "coordinates": [[-2.1171771, 49.1880818], [-2.1172529, 49.1881634]]}, "properties": {"way_id": 8048250, "name": ""}}, {"type": "Feature", "geometry": {"type": "LineString", "coordinates": [[-2.1171698, 49.1882415], [-2.1171756, 49.1881413], [-2.1171771, 49.1880818]]}, "properties": {"way_id": 8048251, "name": ""}}, {"type": "Feature", "geometry": {"type": "LineString", "coordinates": [[-2.1166857, 49.187398], [-2.116791, 49.1875454], [-2.1168477, 49.1876377]]}, "properties": {"way_id": 8048259, "name": "Esplanade"}}, {"type": "Feature", "geometry": {"type": "LineString", "coordinates": [[-2.1296237, 49.2456351], [-2.1295617, 49.2457457], [-2.1293225, 49.2461712], [-2.1290885, 49.2467255], [-2.1290718, 49.2467652], [-2.1289421, 49.2471549], [-2.1288671, 49.2474447], [-2.1287756, 49.2477984], [-2.1286919, 49.2480626], [-2.1286675, 49.2481396]]}, "properties": {"way_id": 8048309, "name": "Rue de la Porte"}}, {"type": "Feature", "geometry": {"type": "LineString", "coordinates": [[-2.2264136, 49.2555929], [-2.2268053, 49.2555701]]}, "properties": {"way_id": 8048332, "name": "La Route de Pl\u00e9mont"}}, {"type": "Feature", "geometry": {"type": "LineString", "coordinates": [[-2.1113318, 49.2397594], [-2.1113314, 49.2399328], [-2.1113313, 49.2399868], [-2.1113305, 49.2403033], [-2.1113258, 49.24079], [-2.1113583, 49.2410808], [-2.1113863, 49.2413319], [-2.1113608, 49.2415899], [-2.1112929, 49.2418802], [-2.1112943, 49.2420226], [-2.1112974, 49.2423499], [-2.1113302, 49.2428665], [-2.1113536, 49.2432358], [-2.1113926, 49.2437087], [-2.1113922, 49.2437334], [-2.1113851, 49.2441246], [-2.1113956, 49.2442285], [-2.1114405, 49.244673], [-2.1114956, 49.2451154], [-2.1115021, 49.2451673], [-2.1115589, 49.2456941], [-2.1116518, 49.2461605], [-2.11178, 49.246492], [-2.1118339, 49.2465769]]}, "properties": {"way_id": 8590580, "name": "Rue du Bechet \u00e8s Cats"}}, {"type": "Feature", "geometry": {"type": "LineString", "coordinates": [[-2.1118339, 49.2465769], [-2.1115799, 49.2466585], [-2.1114894, 49.2466878], [-2.1110299, 49.2467803], [-2.1106179, 49.2468633], [-2.110045, 49.2469108], [-2.1098324, 49.2469098], [-2.1096201, 49.2468953], [-2.1095564, 49.2468893], [-2.1091905, 49.2468465], [-2.1085634, 49.2467539], [-2.1080704, 49.2466677], [-2.1078099, 49.246616], [-2.1070278, 49.2464098], [-2.1059799, 49.2462962], [-2.1055813, 49.2462584], [-2.1052151, 49.2462349], [-2.1046356, 49.246191], [-2.104285, 49.2461911], [-2.1039791, 49.2462301], [-2.1034948, 49.2462711], [-2.1031313, 49.2462143], [-2.1027819, 49.2461343], [-2.1023663, 49.2459766], [-2.1023115, 49.2459591], [-2.1016679, 49.2457543], [-2.1015221, 49.2457117], [-2.1014837, 49.2457005], [-2.101112, 49.2455921], [-2.1005949, 49.2454817], [-2.0998752, 49.2453654], [-2.0993843, 49.2453197], [-2.0991063, 49.2453154], [-2.0985982, 49.2453231], [-2.0984927, 49.2453142], [-2.098438, 49.2452912], [-2.0984153, 49.2452415], [-2.0984152, 49.2451587], [-2.0984581, 49.2450603], [-2.0984927, 49.2449808], [-2.0985093, 49.2449315], [-2.0985418, 49.2448353], [-2.0985317, 49.244743], [-2.098484, 49.2446692], [-2.098387, 49.2446059], [-2.0982408, 49.2445452], [-2.0978141, 49.2444324], [-2.0972544, 49.2443011], [-2.0970466, 49.244263], [-2.0968496, 49.2442485], [-2.0965032, 49.2442544], [-2.0963329, 49.2442778], [-2.0962099, 49.2443196], [-2.0959584, 49.244468], [-2.0956749, 49.2446267], [-2.0948836, 49.244774], [-2.0945527, 49.2448133], [-2.0940647, 49.2448446], [-2.0939182, 49.2448491], [-2.093334, 49.2448671], [-2.0932458, 49.244859], [-2.0931728, 49.2448138]]}, "properties": {"way_id": 8590599, "name": "Rue des Platons"}}, {"type": "Feature", "geometry": {"type": "LineString", "coordinates": [[-2.0818799, 49.2384606], [-2.0819662, 49.2383886], [-2.0822046, 49.2383187], [-2.0824344, 49.2382951], [-2.0828084, 49.238319], [-2.0830995, 49.2383407], [-2.0834437, 49.2383033], [-2.0835058, 49.2382834], [-2.0835433, 49.2382646], [-2.0835665, 49.2382178], [-2.0835078, 49.2381681], [-2.0834052, 49.2381141], [-2.083349, 49.2380415], [-2.0833545, 49.2379628], [-2.083426, 49.237895], [-2.0835428, 49.2378491], [-2.0837296, 49.237824], [-2.0838754, 49.2378219], [-2.0842238, 49.2378271], [-2.0847275, 49.2378782], [-2.085066, 49.2379279], [-2.0852407, 49.2380119], [-2.0854089, 49.2381951], [-2.0855572, 49.238486], [-2.0856871, 49.2386231], [-2.0858229, 49.2387226], [-2.0860155, 49.23885], [-2.0863384, 49.2389877], [-2.086425, 49.2390059], [-2.0865362, 49.2389794], [-2.0866033, 49.2389327], [-2.0866284, 49.2388658], [-2.0866187, 49.2388034], [-2.0865428, 49.2387074], [-2.0863168, 49.2385126], [-2.0862327, 49.2384054], [-2.0861936, 49.2383169], [-2.0861839, 49.2382318], [-2.0861847, 49.2380581], [-2.0861654, 49.2379602], [-2.0859797, 49.2377497], [-2.0858828, 49.2376351], [-2.0857884, 49.2375707], [-2.0856777, 49.2375232], [-2.0854475, 49.2374465], [-2.0852177, 49.2374036], [-2.0851847, 49.2373845], [-2.0851775, 49.2373673], [-2.0851989, 49.2373136], [-2.0852754, 49.23729], [-2.0854332, 49.2372891], [-2.0856344, 49.2373042], [-2.0858714, 49.2373467], [-2.0860068, 49.2373774], [-2.0861232, 49.2374167], [-2.0862344, 49.2374801], [-2.0864163, 49.2376152], [-2.0867327, 49.237875], [-2.0868282, 49.2379476], [-2.0868809, 49.2379678], [-2.0869439, 49.2379827], [-2.0869957, 49.2379691], [-2.0870319, 49.2379108], [-2.0870485, 49.2378252], [-2.0870009, 49.2377368], [-2.0865703, 49.2373078], [-2.0863596, 49.2371245], [-2.0861619, 49.2370043], [-2.0860958, 49.2369309], [-2.0860333, 49.2368359], [-2.0860014, 49.2367578], [-2.0859817, 49.2366393], [-2.0858391, 49.2361807], [-2.0856898, 49.2358588], [-2.0856089, 49.2356672], [-2.0855757, 49.2355596], [-2.0855772, 49.2355104], [-2.0855719, 49.2354127]]}, "properties": {"way_id": 8590600, "name": "Charri\u00e8res du Boulay"}}, {"type": "Feature", "geometry": {"type": "LineString", "coordinates": [[-2.0473059, 49.2366056], [-2.0472758, 49.2365969], [-2.0472564, 49.2365899], [-2.0472365, 49.2365794], [-2.0468523, 49.2363539], [-2.0464882, 49.2361346], [-2.0463166, 49.2360202], [-2.0462916, 49.2359969], [-2.0462552, 49.2359605], [-2.0462061, 49.2358945], [-2.0460883, 49.2357294], [-2.0459894, 49.2356], [-2.0459769, 49.2355878], [-2.0459575, 49.2355767], [-2.045939, 49.2355717], [-2.0459067, 49.2355684], [-2.0458605, 49.2355638], [-2.0458157, 49.2355653], [-2.0457597, 49.2355703], [-2.0456695, 49.2355851], [-2.0453944, 49.2356292], [-2.0453274, 49.2356364], [-2.0450864, 49.2356532], [-2.0450123, 49.2356549], [-2.0445851, 49.235657], [-2.04429, 49.2356494], [-2.0441559, 49.2356416], [-2.0440278, 49.235625], [-2.0436817, 49.235573], [-2.0434432, 49.2355341], [-2.0432939, 49.2355034], [-2.043174, 49.2354727], [-2.0431077, 49.2354479], [-2.0430377, 49.2354125], [-2.0429698, 49.2353659], [-2.0429028, 49.2353045], [-2.0427623, 49.2351265], [-2.0427194, 49.2350813], [-2.0426695, 49.2350423], [-2.0426154, 49.2350095], [-2.042569, 49.2349864], [-2.042511, 49.2349637], [-2.0424189, 49.2349464], [-2.0422991, 49.2349376], [-2.0420757, 49.2349312], [-2.0417453, 49.2349289], [-2.0414436, 49.2349355], [-2.0412862, 49.2349456], [-2.0412076, 49.2349515], [-2.0411386, 49.2349628], [-2.0410755, 49.2349767], [-2.0410149, 49.2349978], [-2.0409845, 49.2350121], [-2.0409066, 49.2350545], [-2.0407637, 49.2351543], [-2.0407109, 49.2351828], [-2.04062, 49.2352169], [-2.0405489, 49.2352311], [-2.0404582, 49.2352363], [-2.0403592, 49.2352314], [-2.0402946, 49.2352233], [-2.0399331, 49.2351345], [-2.0397456, 49.235084], [-2.0396691, 49.2350576], [-2.0396052, 49.2350226], [-2.0395227, 49.2349704], [-2.0394583, 49.2349224], [-2.0392051, 49.2346894], [-2.0387579, 49.2342371], [-2.0387282, 49.2342043], [-2.0387083, 49.2341698], [-2.038696, 49.234134], [-2.038672, 49.2339271], [-2.0386509, 49.2337112], [-2.038663, 49.2336443], [-2.0387015, 49.2335729], [-2.0387548, 49.233532], [-2.0388337, 49.2334898], [-2.0391138, 49.2333886], [-2.0392386, 49.2333435], [-2.039888, 49.2331535]]}, "properties": {"way_id": 8590602, "name": "Mont de Rozel"}}, {"type": "Feature", "geometry": {"type": "LineString", "coordinates": [[-2.2406766, 49.2506921], [-2.2404154, 49.2505416], [-2.2403512, 49.2504989], [-2.2402817, 49.2504437], [-2.2402567, 49.2504039], [-2.240278, 49.2503353], [-2.240311, 49.2502289], [-2.2404241, 49.2499396], [-2.2405597, 49.2496466], [-2.2405916, 49.2494848], [-2.2405926, 49.2493647], [-2.2405733, 49.2493389], [-2.2404904, 49.2493124], [-2.24037, 49.2492756], [-2.240142, 49.2492049], [-2.2393765, 49.2490446], [-2.2381329, 49.2489171], [-2.2373535, 49.2488506], [-2.2363844, 49.248768], [-2.2356656, 49.2487076]]}, "properties": {"way_id": 8590680, "name": "Rue de la Devise"}}, {"type": "Feature", "geometry": {"type": "LineString", "coordinates": [[-2.202367, 49.2325728], [-2.2022479, 49.2323832], [-2.2021586, 49.2322535]]}, "properties": {"way_id": 8590681, "name": "La Grande Route de Saint Ouen"}}, {"type": "Feature", "geometry": {"type": "LineString", "coordinates": [[-2.2378465, 49.2468424], [-2.2377624, 49.2468543], [-2.2375217, 49.2468608], [-2.2372182, 49.2468419], [-2.2371632, 49.2468385], [-2.2360443, 49.246718], [-2.235742, 49.2466798], [-2.235581, 49.2466383], [-2.2354223, 49.2465789], [-2.2351214, 49.2465141], [-2.2335701, 49.2463419], [-2.2329425, 49.2462547], [-2.2318904, 49.2460167], [-2.2311553, 49.2458096], [-2.2306112, 49.2456572], [-2.2303955, 49.2455978]]}, "properties": {"way_id": 8590682, "name": "Rue de la Trappe"}}, {"type": "Feature", "geometry": {"type": "LineString", "coordinates": [[-2.2002194, 49.1904669], [-2.200374, 49.1901771], [-2.2007179, 49.1897761], [-2.2009114, 49.1896184], [-2.201116, 49.189486], [-2.2015367, 49.1892703], [-2.201864, 49.1891119], [-2.2023047, 49.1890068], [-2.2024673, 49.188968], [-2.202803, 49.1887756], [-2.2032696, 49.1882952], [-2.2035681, 49.1879688], [-2.2037179, 49.1878453], [-2.2038474, 49.1877386], [-2.2040927, 49.1875363], [-2.2041906, 49.1874435], [-2.2042546, 49.1873739], [-2.2042889, 49.1872987], [-2.2043033, 49.1872176], [-2.2042836, 49.1870469], [-2.2042961, 49.1867148], [-2.2043042, 49.1864721], [-2.2042911, 49.1863613], [-2.2042791, 49.1863288], [-2.2041867, 49.1862228], [-2.204004, 49.1860698], [-2.203969, 49.1860387], [-2.2038866, 49.1859658], [-2.2038386, 49.1858874], [-2.2038057, 49.1857491], [-2.2038662, 49.1856186], [-2.203892, 49.1855797], [-2.204097, 49.1852701], [-2.2041261, 49.1851908], [-2.2041025, 49.1851124], [-2.2040479, 49.1850574], [-2.2039653, 49.1850062], [-2.2038365, 49.1849802], [-2.2031745, 49.1849752]]}, "properties": {"way_id": 8590988, "name": "La Marquanderie"}}, {"type": "Feature", "geometry": {"type": "LineString", "coordinates": [[-2.1799988, 49.1840219], [-2.1798659, 49.1839193], [-2.1798225, 49.1838857], [-2.1795529, 49.1837253], [-2.1790178, 49.1833807]]}, "properties": {"way_id": 8590990, "name": "Route de Noirmont"}}, {"type": "Feature", "geometry": {"type": "LineString", "coordinates": [[-2.1087973, 49.1818657], [-2.1089587, 49.1820161], [-2.109156, 49.1822446], [-2.1094062, 49.1824314], [-2.1096179, 49.1825255], [-2.1100847, 49.1826804], [-2.1103918, 49.1827721]]}, "properties": {"way_id": 8591001, "name": "Route de la Liberation"}}, {"type": "Feature", "geometry": {"type": "LineString", "coordinates": [[-2.103734, 49.1907556], [-2.1036143, 49.1908543], [-2.1035175, 49.1909341], [-2.103226, 49.1911528], [-2.1030576, 49.191279], [-2.1028747, 49.191401], [-2.1027311, 49.1914959], [-2.1025816, 49.1915948], [-2.1024418, 49.1917086], [-2.1023341, 49.1917978], [-2.102263, 49.1918562], [-2.1021542, 49.1919948], [-2.1019228, 49.1922896]]}, "properties": {"way_id": 8591012, "name": "Val Plaisant"}}, {"type": "Feature", "geometry": {"type": "LineString", "coordinates": [[-2.0882621, 49.1754735], [-2.0871865, 49.1752509], [-2.085982, 49.1750184], [-2.0856689, 49.1749605], [-2.085578, 49.1749402], [-2.0853422, 49.1748877], [-2.085181, 49.1748505], [-2.0849952, 49.1747935], [-2.0847653, 49.1747127], [-2.0843903, 49.1745731], [-2.0842689, 49.1745315], [-2.0833799, 49.1742687], [-2.0833337, 49.1742544], [-2.0832585, 49.1742311], [-2.0828804, 49.1741142], [-2.0824788, 49.1740103], [-2.0823962, 49.1739917], [-2.0823076, 49.1739718], [-2.08217, 49.1739408], [-2.0817669, 49.1738785], [-2.0810648, 49.1737639], [-2.0809727, 49.1737497], [-2.0796428, 49.17352], [-2.0791518, 49.1734352], [-2.0790884, 49.1734243], [-2.0790272, 49.1734113], [-2.0788033, 49.1733635], [-2.0785373, 49.1732985], [-2.0781188, 49.1731663], [-2.0777755, 49.1730383], [-2.0769688, 49.1726821], [-2.0763221, 49.1724049], [-2.0756843, 49.1721624], [-2.0755345, 49.1721145], [-2.0753969, 49.1720916], [-2.0751415, 49.1720692], [-2.0745477, 49.1720892], [-2.0742945, 49.1720991], [-2.0740474, 49.1720971], [-2.0738973, 49.1720959], [-2.0733462, 49.1720837], [-2.0728098, 49.1720627], [-2.0723908, 49.172034], [-2.0721536, 49.1720064], [-2.0719131, 49.1719704], [-2.0712921, 49.1718271], [-2.0709654, 49.1717544], [-2.0707321, 49.1717024], [-2.0700534, 49.171551], [-2.0696174, 49.1714318], [-2.0682264, 49.1710514], [-2.0676153, 49.1709088], [-2.0674703, 49.1708891], [-2.0673904, 49.1708975], [-2.0673076, 49.1709241], [-2.0672323, 49.1709692], [-2.0671251, 49.1710738], [-2.0670149, 49.1711814], [-2.0669025, 49.1712711], [-2.0667339, 49.17136], [-2.0663039, 49.1714762], [-2.0659827, 49.1715677], [-2.0656834, 49.1716529], [-2.0650281, 49.1717805], [-2.0648029, 49.1718192], [-2.0647515, 49.171828], [-2.0640663, 49.1719503], [-2.0632677, 49.1720833], [-2.061717, 49.1723191], [-2.0609482, 49.172448], [-2.0601804, 49.1725972], [-2.0601127, 49.1726098], [-2.059918, 49.1726459], [-2.0587935, 49.1728395], [-2.0585206, 49.1729021], [-2.0582577, 49.1729765], [-2.057187, 49.1733981], [-2.0570854, 49.1734284], [-2.0570172, 49.1734429], [-2.0561631, 49.1736249], [-2.0560123, 49.1736566], [-2.0558479, 49.1736831], [-2.0555078, 49.1737154], [-2.0551018, 49.1737381], [-2.0548652, 49.1737514], [-2.0543242, 49.1737817], [-2.0537808, 49.1738093]]}, "properties": {"way_id": 8591014, "name": "Grande Route de St. Clement"}}, {"type": "Feature", "geometry": {"type": "LineString", "coordinates": [[-2.0893225, 49.1735964], [-2.0892166, 49.1736733], [-2.0890327, 49.1740302], [-2.0889232, 49.17423], [-2.0888491, 49.1743676], [-2.0884931, 49.1750283], [-2.0882621, 49.1754735]]}, "properties": {"way_id": 8591015, "name": "Plat Douet Road"}}, {"type": "Feature", "geometry": {"type": "LineString", "coordinates": [[-2.0934501, 49.1787733], [-2.0932657, 49.1788263], [-2.0917314, 49.1791806], [-2.0915603, 49.1792219], [-2.0906879, 49.1794803]]}, "properties": {"way_id": 8591017, "name": "Georgetown Road"}}, {"type": "Feature", "geometry": {"type": "LineString", "coordinates": [[-2.0984833, 49.1792532], [-2.0984918, 49.1793407], [-2.0985184, 49.1795599], [-2.0985719, 49.1799145], [-2.0985934, 49.1803157], [-2.0985665, 49.1805434]]}, "properties": {"way_id": 8591019, "name": "St. Clement's Road"}}, {"type": "Feature", "geometry": {"type": "LineString", "coordinates": [[-2.1120269, 49.1885032], [-2.1119301, 49.1883986], [-2.1114775, 49.1879537], [-2.1109733, 49.187458]]}, "properties": {"way_id": 8591020, "name": "The Parade"}}, {"type": "Feature", "geometry": {"type": "LineString", "coordinates": [[-2.0818799, 49.2384606], [-2.0818342, 49.2385766], [-2.0817924, 49.2387008]]}, "properties": {"way_id": 8757065, "name": ""}}, {"type": "Feature", "geometry": {"type": "LineString", "coordinates": [[-2.0713909, 49.2289492], [-2.071393, 49.2290392], [-2.0713219, 49.2299189], [-2.0713602, 49.230621], [-2.0713095, 49.2309832], [-2.0712925, 49.2313762], [-2.071282, 49.2318601]]}, "properties": {"way_id": 8757067, "name": "Rue du Pot du Rocher"}}, {"type": "Feature", "geometry": {"type": "LineString", "coordinates": [[-2.0313703, 49.2174944], [-2.0311883, 49.2175334], [-2.0309872, 49.2176016], [-2.0305861, 49.2178554], [-2.0302668, 49.2180351], [-2.0300777, 49.218292], [-2.0298922, 49.2185268], [-2.0297365, 49.2186907], [-2.0294708, 49.2188577], [-2.0289021, 49.2189757], [-2.0285795, 49.2190836], [-2.0283093, 49.2192866], [-2.0280217, 49.2195335], [-2.0277579, 49.219667], [-2.0273353, 49.219832], [-2.0270314, 49.2199901], [-2.0268414, 49.2202031], [-2.0267318, 49.2204708], [-2.0268053, 49.2206107], [-2.026974, 49.221047], [-2.0269744, 49.2211565], [-2.0269221, 49.2213126], [-2.0268795, 49.2214576], [-2.0267107, 49.2216689], [-2.0265505, 49.2218122], [-2.026131, 49.222019], [-2.0254127, 49.2223483], [-2.0251064, 49.222498], [-2.0248874, 49.2226366], [-2.0247266, 49.2227845], [-2.0245753, 49.222966], [-2.0243304, 49.2232442], [-2.0240615, 49.2234558], [-2.0238621, 49.2235785], [-2.0237346, 49.2236455]]}, "properties": {"way_id": 8757073, "name": "La Route de Ste Catherine"}}, {"type": "Feature", "geometry": {"type": "LineString", "coordinates": [[-2.0313703, 49.2174944], [-2.0307922, 49.2166779], [-2.0300938, 49.2158235], [-2.0295094, 49.2151028], [-2.0288221, 49.2146315], [-2.028047, 49.2140887]]}, "properties": {"way_id": 8758257, "name": "La Route le Brun"}}, {"type": "Feature", "geometry": {"type": "LineString", "coordinates": [[-2.090947, 49.2332903], [-2.0900409, 49.2330636], [-2.089686, 49.2329682]]}, "properties": {"way_id": 8758258, "name": "Rue \u00e8s Picots"}}, {"type": "Feature", "geometry": {"type": "LineString", "coordinates": [[-2.0513782, 49.2180755], [-2.0518187, 49.2179113], [-2.0522409, 49.2177793], [-2.0526839, 49.2176841], [-2.0528072, 49.2176473], [-2.0528988, 49.2176015], [-2.052969, 49.2174861], [-2.0529774, 49.2172143], [-2.0529931, 49.2170696], [-2.0531428, 49.216854], [-2.0533779, 49.2165773]]}, "properties": {"way_id": 8758259, "name": "Le Rond Collas"}}, {"type": "Feature", "geometry": {"type": "LineString", "coordinates": [[-2.1140065, 49.1848583], [-2.1140033, 49.184746], [-2.1139361, 49.1845564], [-2.1138414, 49.1843878], [-2.1136809, 49.1841966], [-2.1134476, 49.1839898], [-2.113104, 49.1837854], [-2.1127622, 49.1836137]]}, "properties": {"way_id": 23209878, "name": "Route de la Liberation"}}, {"type": "Feature", "geometry": {"type": "LineString", "coordinates": [[-2.1104341, 49.1828805], [-2.1093474, 49.1825203], [-2.1093005, 49.1825054]]}, "properties": {"way_id": 23209898, "name": "Route de la Liberation"}}, {"type": "Feature", "geometry": {"type": "LineString", "coordinates": [[-2.1088742, 49.1821671], [-2.1087207, 49.1820709], [-2.1086197, 49.1820073], [-2.1083087, 49.181881], [-2.1081394, 49.1818122], [-2.1080865, 49.1817946], [-2.1076395, 49.1816455], [-2.1074955, 49.1816009], [-2.1073821, 49.1815469]]}, "properties": {"way_id": 23209906, "name": "La Route du Fort"}}, {"type": "Feature", "geometry": {"type": "LineString", "coordinates": [[-2.0236852, 49.1996618], [-2.0234215, 49.1997348], [-2.0231461, 49.199814], [-2.0226634, 49.1999289], [-2.0224765, 49.1999577], [-2.0218543, 49.2000208], [-2.021633, 49.2000199], [-2.0214489, 49.2000043], [-2.0213845, 49.1999944], [-2.021308, 49.1999681], [-2.0212765, 49.1999466], [-2.0212653, 49.199929]]}, "properties": {"way_id": 23217973, "name": "Mont de Gouray"}}, {"type": "Feature", "geometry": {"type": "LineString", "coordinates": [[-2.0213167, 49.1998568], [-2.0213784, 49.1998384], [-2.0215876, 49.1998191], [-2.0217767, 49.1998007], [-2.021927, 49.1997833], [-2.0222904, 49.1997438], [-2.0228215, 49.1996456], [-2.0232104, 49.1995229], [-2.0234558, 49.1994327], [-2.0236043, 49.1993603], [-2.0240689, 49.1991309], [-2.0244488, 49.1989683], [-2.0245176, 49.1989388], [-2.0248291, 49.1988397], [-2.0251539, 49.1987539], [-2.0254759, 49.198702], [-2.0257368, 49.1986685], [-2.0261171, 49.1986201], [-2.0265315, 49.1985472], [-2.026907, 49.1984563], [-2.027424, 49.1982859], [-2.0275074, 49.198252], [-2.0279876, 49.1980199], [-2.0286993, 49.1976465], [-2.028807, 49.19759], [-2.0288666, 49.1975565], [-2.0289262, 49.197523]]}, "properties": {"way_id": 23217974, "name": "Route de la C\u00f4te"}}, {"type": "Feature", "geometry": {"type": "LineString", "coordinates": [[-2.0397455, 49.1888072], [-2.0397777, 49.1887459], [-2.0398448, 49.1883498], [-2.0398614, 49.1880842], [-2.0398544, 49.1879623], [-2.0398121, 49.1876927], [-2.0396824, 49.1870542], [-2.0396275, 49.1867026], [-2.0395518, 49.18626]]}, "properties": {"way_id": 23217977, "name": "La Rue de la Ville \u00e8s Renauds"}}, {"type": "Feature", "geometry": {"type": "LineString", "coordinates": [[-2.2253491, 49.251281], [-2.2253726, 49.2513958], [-2.2253419, 49.2515239], [-2.2252925, 49.2516423], [-2.2252759, 49.251682], [-2.2252371, 49.2517748], [-2.2252015, 49.2518317], [-2.2249703, 49.2522008], [-2.2247904, 49.2527148], [-2.2243521, 49.2535729], [-2.2241296, 49.2539352], [-2.2241227, 49.2540248], [-2.2241469, 49.254053], [-2.2242016, 49.2540741], [-2.2243711, 49.2541151], [-2.2245942, 49.2541719], [-2.2247429, 49.2542511], [-2.2249026, 49.2543345], [-2.225174, 49.2544703], [-2.2252216, 49.2545258], [-2.2251997, 49.2546149], [-2.2248037, 49.2552078], [-2.2248104, 49.2552652], [-2.224852, 49.2552964], [-2.2251169, 49.2553544], [-2.2262035, 49.2555407], [-2.2264136, 49.2555929]]}, "properties": {"way_id": 26782207, "name": "Route de Pl\u00e9mont"}}, {"type": "Feature", "geometry": {"type": "LineString", "coordinates": [[-2.1004913, 49.1825877], [-2.1001158, 49.1825143], [-2.0997892, 49.1824504], [-2.0996738, 49.1824278], [-2.0994549, 49.182385], [-2.0994186, 49.1823779], [-2.0992143, 49.182338], [-2.0988159, 49.1822601], [-2.0986747, 49.1821923], [-2.0986356, 49.1820022], [-2.098626, 49.1819555], [-2.0984766, 49.1817571], [-2.0983896, 49.1816728]]}, "properties": {"way_id": 26807060, "name": "Don Road"}}, {"type": "Feature", "geometry": {"type": "LineString", "coordinates": [[-2.0980708, 49.1813639], [-2.0980419, 49.1812931], [-2.098027, 49.1812807], [-2.0979355, 49.1812073], [-2.0969645, 49.1807346], [-2.0968116, 49.1806587], [-2.0964107, 49.1804582], [-2.095846, 49.1801767], [-2.0956782, 49.1800914]]}, "properties": {"way_id": 26807066, "name": "Don Road"}}, {"type": "Feature", "geometry": {"type": "LineString", "coordinates": [[-2.0966126, 49.1814824], [-2.0965736, 49.1815227], [-2.0965602, 49.1816162], [-2.0965766, 49.1818556], [-2.0965636, 49.1819541], [-2.0965236, 49.1820442], [-2.0964703, 49.182133], [-2.096351, 49.1823709], [-2.0961383, 49.1827952], [-2.0960658, 49.1828886], [-2.0959568, 49.1830427], [-2.095744, 49.1834923], [-2.0956665, 49.1836274], [-2.0955747, 49.1837388], [-2.0952505, 49.184103], [-2.0952229, 49.1841471], [-2.0952008, 49.1842152], [-2.0951985, 49.1843526], [-2.0952208, 49.1844915], [-2.0953287, 49.1846428], [-2.095621, 49.1850409], [-2.0957202, 49.1852178], [-2.0957299, 49.1853791], [-2.095642, 49.1855852], [-2.0955544, 49.1856773], [-2.0954226, 49.1857717], [-2.0951631, 49.1859478], [-2.0943384, 49.1865133], [-2.0940801, 49.186676], [-2.0937298, 49.1868661], [-2.0935603, 49.1869509], [-2.0928712, 49.1872692], [-2.0921138, 49.1875337], [-2.0920242, 49.1875716], [-2.0916383, 49.1877571]]}, "properties": {"way_id": 26807084, "name": "Mont Millais"}}, {"type": "Feature", "geometry": {"type": "LineString", "coordinates": [[-2.0972646, 49.1880954], [-2.0975496, 49.1880982], [-2.0979408, 49.1881112], [-2.0980405, 49.1881228], [-2.098115, 49.1881476], [-2.0981615, 49.188169], [-2.0982102, 49.1882002], [-2.0982474, 49.1882294], [-2.0982687, 49.1882584]]}, "properties": {"way_id": 26807105, "name": "L'Avenue et Dolmen du Pr\u00e9 des Lumi\u00e8res"}}, {"type": "Feature", "geometry": {"type": "LineString", "coordinates": [[-2.0937936, 49.1788342], [-2.0945675, 49.1789662], [-2.0947571, 49.1789905], [-2.0949817, 49.1790106], [-2.0963064, 49.179094], [-2.0964089, 49.1791005], [-2.0964929, 49.1791067], [-2.097622, 49.1791902], [-2.0977828, 49.179202]]}, "properties": {"way_id": 26807144, "name": "Route du Fort"}}, {"type": "Feature", "geometry": {"type": "LineString", "coordinates": [[-2.0934501, 49.1787733], [-2.0932067, 49.1787141], [-2.0926649, 49.1786388], [-2.0916028, 49.1784962], [-2.091431, 49.1784646], [-2.0912766, 49.1784264], [-2.0911968, 49.1783846], [-2.0910846, 49.1782979], [-2.0906154, 49.1779537]]}, "properties": {"way_id": 26807161, "name": "Victoria Road"}}, {"type": "Feature", "geometry": {"type": "LineString", "coordinates": [[-2.2407425, 49.1811036], [-2.2407678, 49.1811881], [-2.2405819, 49.1815046], [-2.2405853, 49.1815885], [-2.2406349, 49.1818029], [-2.2406353, 49.1818643], [-2.2405972, 49.1819601], [-2.2404856, 49.1820979], [-2.2403572, 49.1822272], [-2.2402285, 49.1824056], [-2.23992, 49.1829604], [-2.2396313, 49.1834648], [-2.2395746, 49.1835271], [-2.2394931, 49.183569]]}, "properties": {"way_id": 27718384, "name": "Mont du Grouet"}}, {"type": "Feature", "geometry": {"type": "LineString", "coordinates": [[-2.1766576, 49.1941547], [-2.1766929, 49.1942222], [-2.1767948, 49.1944165], [-2.1769664, 49.1948428], [-2.177077, 49.1951606], [-2.1771381, 49.1953364], [-2.1771575, 49.1955431], [-2.1771806, 49.1958927], [-2.1771186, 49.1964892], [-2.177111, 49.196574], [-2.1770568, 49.1971755], [-2.1770517, 49.1974582], [-2.1772325, 49.1980903], [-2.1773479, 49.1986504], [-2.1773845, 49.198811]]}, "properties": {"way_id": 30813784, "name": "Route du Coin"}}, {"type": "Feature", "geometry": {"type": "LineString", "coordinates": [[-2.1807628, 49.2041035], [-2.1807192, 49.2039949], [-2.1806265, 49.2037701], [-2.1804448, 49.202955], [-2.1803928, 49.2023981], [-2.1803238, 49.2019746], [-2.1802933, 49.201846], [-2.1802327, 49.201644], [-2.1800385, 49.2010667], [-2.18003, 49.2009832], [-2.1800432, 49.1998886], [-2.180035, 49.1998604], [-2.1800061, 49.1997615], [-2.1798976, 49.1996674], [-2.1797245, 49.1996214], [-2.1792503, 49.1995371], [-2.1791242, 49.1994914], [-2.1790463, 49.199429], [-2.1788892, 49.1992369], [-2.1787471, 49.1990632], [-2.1787159, 49.198945]]}, "properties": {"way_id": 30814023, "name": "Rue des Landes"}}, {"type": "Feature", "geometry": {"type": "LineString", "coordinates": [[-2.1048858, 49.1835678], [-2.1060792, 49.1833971]]}, "properties": {"way_id": 30876974, "name": "Hill Street"}}, {"type": "Feature", "geometry": {"type": "LineString", "coordinates": [[-2.1152589, 49.1899791], [-2.1153412, 49.1900089], [-2.1154767, 49.1900638], [-2.1156599, 49.1900959], [-2.11584, 49.1900814], [-2.1159624, 49.1900576], [-2.1161561, 49.1899901], [-2.1162615, 49.1899694], [-2.1163951, 49.1899837], [-2.1165516, 49.1900073], [-2.116625, 49.1900075], [-2.1166767, 49.1900013], [-2.1167585, 49.1899777], [-2.1168832, 49.1899207], [-2.1172973, 49.1896598], [-2.1173357, 49.1895695], [-2.1173073, 49.1894451], [-2.1172344, 49.1893322], [-2.1171771, 49.1891854], [-2.1172282, 49.189139], [-2.1173116, 49.189126], [-2.1174363, 49.1891813], [-2.1175653, 49.1892736], [-2.1176289, 49.1893671], [-2.1176639, 49.189473], [-2.1176623, 49.1895411], [-2.1176429, 49.1896114], [-2.1175859, 49.189706], [-2.1170389, 49.1905122], [-2.1167512, 49.1909771], [-2.1167195, 49.1910284], [-2.1164473, 49.1914641], [-2.1163938, 49.1915497], [-2.1159323, 49.1922803], [-2.1158417, 49.1924354], [-2.1156716, 49.1927267], [-2.115541, 49.1930741], [-2.1154933, 49.1932564], [-2.1154229, 49.1934834], [-2.1154257, 49.1935841], [-2.1155331, 49.1942046]]}, "properties": {"way_id": 33793693, "name": "Westmount Road"}}, {"type": "Feature", "geometry": {"type": "LineString", "coordinates": [[-2.114166, 49.1889232], [-2.1146547, 49.1887544]]}, "properties": {"way_id": 33793729, "name": "St. Aubin's Road"}}, {"type": "Feature", "geometry": {"type": "LineString", "coordinates": [[-2.1658891, 49.2452327], [-2.16305, 49.245169], [-2.162735, 49.2451477], [-2.1616979, 49.2450524], [-2.1613225, 49.2449943], [-2.1608612, 49.244827], [-2.1604907, 49.2447016], [-2.160435, 49.2446827], [-2.1602179, 49.2446092], [-2.1597175, 49.2444488], [-2.1589329, 49.2443314], [-2.1585614, 49.2442762], [-2.1582904, 49.2442075], [-2.157899, 49.2440956], [-2.1575965, 49.2440001], [-2.1575396, 49.2439821], [-2.157278, 49.2438422], [-2.1570085, 49.2436598]]}, "properties": {"way_id": 33794089, "name": "Rue d'Olive"}}, {"type": "Feature", "geometry": {"type": "LineString", "coordinates": [[-2.0664815, 49.2158187], [-2.0668467, 49.2157783], [-2.0677836, 49.2156344], [-2.0684092, 49.2155226], [-2.0693578, 49.2156851], [-2.069569, 49.2157033], [-2.0697755, 49.2156959], [-2.0701622, 49.2156502], [-2.0704137, 49.2156205], [-2.0706045, 49.2156236], [-2.0715311, 49.2157869], [-2.0722877, 49.2158153], [-2.0726525, 49.2158518], [-2.0729078, 49.2158964], [-2.0740429, 49.2161218], [-2.0747722, 49.2162484]]}, "properties": {"way_id": 35298558, "name": "Rue du Pont"}}, {"type": "Feature", "geometry": {"type": "LineString", "coordinates": [[-2.1030263, 49.183528], [-2.1030747, 49.1835379], [-2.1031471, 49.1835494], [-2.1033063, 49.1835837], [-2.1037132, 49.1836153], [-2.1038897, 49.1836066], [-2.1044356, 49.1835836], [-2.1048858, 49.1835678]]}, "properties": {"way_id": 60759275, "name": "Hill Street"}}, {"type": "Feature", "geometry": {"type": "LineString", "coordinates": [[-2.1007932, 49.1924126], [-2.1010704, 49.1920982], [-2.1011332, 49.1920679], [-2.101223, 49.1920635], [-2.1014522, 49.1921348], [-2.1019228, 49.1922896]]}, "properties": {"way_id": 62182304, "name": "La Petite Rue du Val Plaisant"}}, {"type": "Feature", "geometry": {"type": "LineString", "coordinates": [[-2.1387172, 49.245612], [-2.1386372, 49.2456523], [-2.138606, 49.2457206], [-2.1385667, 49.24582], [-2.1385429, 49.2459187], [-2.1385787, 49.2461694]]}, "properties": {"way_id": 62184380, "name": "Rue du Temple"}}, {"type": "Feature", "geometry": {"type": "LineString", "coordinates": [[-2.0755028, 49.2163072], [-2.0769683, 49.2162749], [-2.0779979, 49.2161647], [-2.0782132, 49.2158792], [-2.079168, 49.2161672], [-2.0794331, 49.2162057], [-2.0795819, 49.2161989], [-2.0797757, 49.2162239], [-2.0803494, 49.2163482]]}, "properties": {"way_id": 62190493, "name": "Rue de la Guilleaumerie"}}, {"type": "Feature", "geometry": {"type": "LineString", "coordinates": [[-2.1641683, 49.2361884], [-2.1634338, 49.2358619], [-2.1633249, 49.235835], [-2.1631889, 49.235827], [-2.1630984, 49.2358295], [-2.1629296, 49.2358342], [-2.162605, 49.2358448], [-2.1624913, 49.2358359], [-2.1623638, 49.2357944], [-2.1618025, 49.2356177], [-2.1613497, 49.2354542], [-2.1611712, 49.2353601], [-2.161127, 49.2353368], [-2.1607934, 49.2350889], [-2.160455, 49.2348257], [-2.1602612, 49.2347216], [-2.1596993, 49.2343597], [-2.1595285, 49.2342523], [-2.1594025, 49.2341504], [-2.1592067, 49.2339532], [-2.1589974, 49.2338249], [-2.158564, 49.2335513], [-2.158194, 49.233346], [-2.1579578, 49.2332023], [-2.1578191, 49.2331575], [-2.1576078, 49.2330823], [-2.1573658, 49.2329829], [-2.1571303, 49.2328156], [-2.1565818, 49.2324373], [-2.1565298, 49.2323568], [-2.1563723, 49.2318964], [-2.1562019, 49.2313925], [-2.1561549, 49.2313517], [-2.1561033, 49.2313365], [-2.1560122, 49.2313289], [-2.1551508, 49.2313655], [-2.1550745, 49.2313553], [-2.1549994, 49.2313382], [-2.1549298, 49.2313107], [-2.1548742, 49.2312799]]}, "properties": {"way_id": 62191167, "name": "Rue de la Fronti\u00e8re"}}, {"type": "Feature", "geometry": {"type": "LineString", "coordinates": [[-2.0811025, 49.1982091], [-2.0808528, 49.1981013], [-2.0806579, 49.1980304], [-2.0803349, 49.197913], [-2.0802642, 49.1978873], [-2.0797587, 49.1976802], [-2.0793637, 49.1975576], [-2.0791734, 49.1975104], [-2.0790006, 49.1974907], [-2.0787529, 49.1974821], [-2.0786126, 49.1974904], [-2.0784466, 49.1975087], [-2.0780135, 49.1976054], [-2.0778975, 49.1976313], [-2.0771906, 49.1977716], [-2.0769346, 49.1978333], [-2.0768028, 49.1978647], [-2.0764998, 49.1979646], [-2.0762667, 49.1980272], [-2.0760661, 49.1980488], [-2.0758905, 49.1980502], [-2.0752953, 49.1980061]]}, "properties": {"way_id": 62191184, "name": "Prince's Tower Road"}}, {"type": "Feature", "geometry": {"type": "LineString", "coordinates": [[-2.0997674, 49.1920331], [-2.0996363, 49.1920058], [-2.0993252, 49.1919398], [-2.098974, 49.1919032], [-2.0986382, 49.191926]]}, "properties": {"way_id": 62191188, "name": "Springfield Road"}}, {"type": "Feature", "geometry": {"type": "LineString", "coordinates": [[-2.1825752, 49.2290173], [-2.1825813, 49.2290381], [-2.1827012, 49.2294461], [-2.1827057, 49.2294831], [-2.1827443, 49.2298034], [-2.1827309, 49.2300607], [-2.1824788, 49.2307846], [-2.1823237, 49.231149], [-2.1822699, 49.2312753], [-2.1820445, 49.2318985], [-2.181927, 49.2322234], [-2.1817224, 49.2327163], [-2.1816002, 49.2329601], [-2.1814005, 49.2332922], [-2.1813521, 49.2334021]]}, "properties": {"way_id": 74601742, "name": "Route du Carrefour \u00e0 Cendre"}}, {"type": "Feature", "geometry": {"type": "LineString", "coordinates": [[-2.1819178, 49.2240771], [-2.1819167, 49.2240153], [-2.1819121, 49.2237496], [-2.1819709, 49.2234341], [-2.1820439, 49.2230542], [-2.1821442, 49.2226829], [-2.1822168, 49.222455], [-2.1824627, 49.2219182], [-2.1828919, 49.2209792], [-2.1831313, 49.220482], [-2.1831923, 49.2202224], [-2.1832471, 49.2197611]]}, "properties": {"way_id": 75018087, "name": "La Route des H\u00eatres"}}, {"type": "Feature", "geometry": {"type": "LineString", "coordinates": [[-2.205525, 49.2387513], [-2.2054361, 49.23881], [-2.2053201, 49.238962], [-2.2051776, 49.2392357], [-2.2050485, 49.2395381], [-2.2049679, 49.2399752], [-2.2049526, 49.2401085], [-2.2048811, 49.2407288], [-2.2048842, 49.2409128]]}, "properties": {"way_id": 75057731, "name": "Mont de la Gr\u00e8ve de Lecq"}}, {"type": "Feature", "geometry": {"type": "LineString", "coordinates": [[-2.0985483, 49.1811939], [-2.0985879, 49.1811996], [-2.0995504, 49.1815156], [-2.0998114, 49.1816223], [-2.0999405, 49.1816751], [-2.100293, 49.181828], [-2.1006101, 49.1819556], [-2.100955, 49.1821238]]}, "properties": {"way_id": 110004218, "name": "La Colomberie"}}, {"type": "Feature", "geometry": {"type": "LineString", "coordinates": [[-2.1016778, 49.1828037], [-2.1014458, 49.1827554], [-2.1004913, 49.1825877]]}, "properties": {"way_id": 110239015, "name": "Don Road"}}, {"type": "Feature", "geometry": {"type": "LineString", "coordinates": [[-2.1029213, 49.1836631], [-2.1028007, 49.1836691], [-2.1024661, 49.1836582], [-2.1024019, 49.1836561], [-2.1017022, 49.1836976], [-2.1012043, 49.1837457], [-2.1003616, 49.183869], [-2.1002469, 49.1838808], [-2.1001342, 49.1838856], [-2.1000234, 49.1838849]]}, "properties": {"way_id": 110239017, "name": "La Motte Street"}}, {"type": "Feature", "geometry": {"type": "LineString", "coordinates": [[-2.1030263, 49.183528], [-2.1030399, 49.1835722], [-2.1030005, 49.1836252], [-2.1029213, 49.1836631]]}, "properties": {"way_id": 110239019, "name": "Snow Hill"}}, {"type": "Feature", "geometry": {"type": "LineString", "coordinates": [[-2.10609, 49.1861382], [-2.1061201, 49.1860732], [-2.1063927, 49.1854853], [-2.1064642, 49.1853557], [-2.1064934, 49.1853027], [-2.1065225, 49.1852497], [-2.1065698, 49.1851636], [-2.1065983, 49.1851065]]}, "properties": {"way_id": 110971530, "name": "New Street"}}, {"type": "Feature", "geometry": {"type": "LineString", "coordinates": [[-2.106401, 49.1839827], [-2.1062473, 49.1836591], [-2.1060792, 49.1833971]]}, "properties": {"way_id": 110971532, "name": "Church Street"}}, {"type": "Feature", "geometry": {"type": "LineString", "coordinates": [[-2.1083706, 49.1826241], [-2.1084933, 49.1826341], [-2.1085392, 49.1826456], [-2.1085744, 49.182654], [-2.1085942, 49.1826553]]}, "properties": {"way_id": 111137120, "name": "Esplanade"}}, {"type": "Feature", "geometry": {"type": "LineString", "coordinates": [[-2.1071419, 49.184137], [-2.1067535, 49.1840706], [-2.106401, 49.1839827]]}, "properties": {"way_id": 111137121, "name": "Library Place"}}, {"type": "Feature", "geometry": {"type": "LineString", "coordinates": [[-2.1060792, 49.1833971], [-2.1063245, 49.1833206], [-2.1068858, 49.1831454], [-2.1069831, 49.1831151], [-2.1077349, 49.182845], [-2.1078003, 49.1828215]]}, "properties": {"way_id": 111137124, "name": "Mulcaster Street"}}, {"type": "Feature", "geometry": {"type": "LineString", "coordinates": [[-2.1069405, 49.1844642], [-2.1071527, 49.1842086], [-2.1071419, 49.184137]]}, "properties": {"way_id": 111137136, "name": "New Cut"}}, {"type": "Feature", "geometry": {"type": "LineString", "coordinates": [[-2.1018719, 49.1829177], [-2.1017908, 49.1828701], [-2.1017478, 49.1828449], [-2.1016778, 49.1828037]]}, "properties": {"way_id": 111146889, "name": "La Colomberie"}}, {"type": "Feature", "geometry": {"type": "LineString", "coordinates": [[-2.1049171, 49.1767704], [-2.104787, 49.1770948], [-2.1047109, 49.1772671], [-2.1045589, 49.1776116], [-2.1045524, 49.1776231], [-2.104509, 49.1777549], [-2.1044862, 49.1779784], [-2.1044726, 49.1782706], [-2.1044711, 49.1783022], [-2.1044648, 49.1784365], [-2.1044391, 49.1787155], [-2.1043536, 49.1790738], [-2.1041525, 49.1794776], [-2.104092, 49.1795782], [-2.103996, 49.1797378]]}, "properties": {"way_id": 112342620, "name": "Green Street"}}, {"type": "Feature", "geometry": {"type": "LineString", "coordinates": [[-2.1073821, 49.1815469], [-2.1042822, 49.1805865], [-2.104279, 49.1805855]]}, "properties": {"way_id": 112342623, "name": "Route du Fort"}}, {"type": "Feature", "geometry": {"type": "LineString", "coordinates": [[-2.1073821, 49.1815469], [-2.1073856, 49.1815474], [-2.1075098, 49.1815639], [-2.1081251, 49.1817478], [-2.1081664, 49.1817601], [-2.108181, 49.1817645], [-2.1082317, 49.1817776], [-2.1083345, 49.1817827], [-2.1083776, 49.1817875], [-2.1084207, 49.1817924], [-2.1085918, 49.1818118], [-2.1087973, 49.1818657]]}, "properties": {"way_id": 112342631, "name": "Route du Fort"}}, {"type": "Feature", "geometry": {"type": "LineString", "coordinates": [[-2.104279, 49.1805855], [-2.1039239, 49.1805165], [-2.1035993, 49.1804644], [-2.103546, 49.1804561], [-2.10345, 49.180442]]}, "properties": {"way_id": 112342645, "name": "Route du Fort"}}, {"type": "Feature", "geometry": {"type": "LineString", "coordinates": [[-2.1034896, 49.1802867], [-2.1037658, 49.1803901]]}, "properties": {"way_id": 112342647, "name": "Route du Fort"}}, {"type": "Feature", "geometry": {"type": "LineString", "coordinates": [[-2.1093005, 49.1825054], [-2.1091363, 49.1824642], [-2.1089047, 49.1823957], [-2.108823, 49.1823787], [-2.108766, 49.1823825], [-2.108692, 49.1823987]]}, "properties": {"way_id": 112342656, "name": "Weighbridge Place"}}, {"type": "Feature", "geometry": {"type": "LineString", "coordinates": [[-2.108692, 49.1823987], [-2.1086949, 49.1823148], [-2.1087262, 49.1822613], [-2.1087428, 49.1822113], [-2.1087374, 49.1821348], [-2.1087207, 49.1820709]]}, "properties": {"way_id": 112342691, "name": "Weighbridge Place"}}, {"type": "Feature", "geometry": {"type": "LineString", "coordinates": [[-2.0989536, 49.1896887], [-2.1006969, 49.1894492], [-2.101447, 49.1893473], [-2.1018433, 49.1892928], [-2.101944, 49.189279], [-2.1022834, 49.18923], [-2.102556, 49.1891898], [-2.103007, 49.1891259], [-2.1030693, 49.1891171]]}, "properties": {"way_id": 113076192, "name": "Stopford Road"}}, {"type": "Feature", "geometry": {"type": "LineString", "coordinates": [[-2.1030693, 49.1891171], [-2.1030816, 49.1891574], [-2.1032375, 49.1896667], [-2.1033223, 49.1898565], [-2.1033768, 49.189969], [-2.1034414, 49.1901112], [-2.1034848, 49.1902068], [-2.1035704, 49.1903953], [-2.1036742, 49.1906239], [-2.103734, 49.1907556]]}, "properties": {"way_id": 113076200, "name": "David Place"}}, {"type": "Feature", "geometry": {"type": "LineString", "coordinates": [[-2.0976108, 49.1920774], [-2.0976417, 49.1919378], [-2.0976521, 49.191891], [-2.0976619, 49.1917325], [-2.0976417, 49.1915987], [-2.0975468, 49.1914075], [-2.0974541, 49.1912249], [-2.0974137, 49.1911391], [-2.097386, 49.1910832], [-2.0973583, 49.1910273]]}, "properties": {"way_id": 117005479, "name": "St. Saviour's Road"}}, {"type": "Feature", "geometry": {"type": "LineString", "coordinates": [[-2.0973583, 49.1910273], [-2.097332, 49.1909796], [-2.0972855, 49.190895], [-2.0971923, 49.1907083], [-2.0971617, 49.1906471], [-2.0971063, 49.190536], [-2.0970708, 49.1904244], [-2.0969921, 49.190122], [-2.0969687, 49.1899416]]}, "properties": {"way_id": 117005486, "name": "St. Saviour's Road"}}, {"type": "Feature", "geometry": {"type": "LineString", "coordinates": [[-2.0973583, 49.1910273], [-2.0982319, 49.1908561], [-2.0985514, 49.1907936], [-2.099275, 49.1906592]]}, "properties": {"way_id": 117005487, "name": "St Mark's Road"}}, {"type": "Feature", "geometry": {"type": "LineString", "coordinates": [[-2.0983449, 49.1896893], [-2.098324, 49.1897306], [-2.0982704, 49.1897657], [-2.098211, 49.1897826], [-2.0978262, 49.1898289], [-2.0969687, 49.1899416]]}, "properties": {"way_id": 117005490, "name": "Stopford Road"}}, {"type": "Feature", "geometry": {"type": "LineString", "coordinates": [[-2.099275, 49.1906592], [-2.099302, 49.1907367], [-2.0994479, 49.1911154], [-2.0994861, 49.1912203], [-2.0995463, 49.1913855], [-2.0996206, 49.1915881], [-2.0996913, 49.1917759], [-2.0997501, 49.1919748], [-2.0997674, 49.1920331]]}, "properties": {"way_id": 117005496, "name": "Janvrin Road"}}, {"type": "Feature", "geometry": {"type": "LineString", "coordinates": [[-2.0969687, 49.1899416], [-2.0969646, 49.1898587], [-2.096957, 49.1897039], [-2.0969585, 49.1894155], [-2.0970012, 49.1890962], [-2.0971472, 49.1886975], [-2.0971873, 49.1885337], [-2.0972031, 49.1884693], [-2.09722, 49.1884001], [-2.0972516, 49.1881513], [-2.0972558, 49.1881261], [-2.0972646, 49.1880954]]}, "properties": {"way_id": 117005499, "name": "St. Saviour's Road"}}, {"type": "Feature", "geometry": {"type": "LineString", "coordinates": [[-2.1079192, 49.1927321], [-2.1078588, 49.192734], [-2.1077499, 49.1927437], [-2.1075838, 49.1927643], [-2.1075064, 49.1927777], [-2.1070183, 49.1928623], [-2.106942, 49.1928763], [-2.106781, 49.1929057], [-2.1066591, 49.1929276], [-2.1061194, 49.1930244], [-2.1060422, 49.1930382], [-2.105952, 49.1930544], [-2.1058644, 49.1930613], [-2.1053306, 49.1931037], [-2.1047899, 49.1931327], [-2.1045964, 49.1931298], [-2.104325, 49.1931257]]}, "properties": {"way_id": 117005503, "name": "Rouge Bouillon"}}, {"type": "Feature", "geometry": {"type": "LineString", "coordinates": [[-2.1016124, 49.1927101], [-2.1015391, 49.1926829]]}, "properties": {"way_id": 117005504, "name": "Springfield Road"}}, {"type": "Feature", "geometry": {"type": "LineString", "coordinates": [[-2.0972646, 49.1880954], [-2.0972646, 49.1880489], [-2.0972696, 49.1877696], [-2.0972704, 49.187723], [-2.0972616, 49.1873038], [-2.0972717, 49.1872197], [-2.0972942, 49.1871389], [-2.0973073, 49.1870921], [-2.0973472, 49.1870024], [-2.0976035, 49.1864301], [-2.0976817, 49.1863417], [-2.0977392, 49.1862767], [-2.0977698, 49.1862422], [-2.0980056, 49.1859657], [-2.0982908, 49.1856724], [-2.098493, 49.1853957], [-2.0987785, 49.1850503], [-2.0989049, 49.1849074], [-2.0995934, 49.1842537], [-2.0999449, 49.1839526], [-2.1000234, 49.1838849]]}, "properties": {"way_id": 117005508, "name": "St. Saviour's Road"}}, {"type": "Feature", "geometry": {"type": "LineString", "coordinates": [[-2.1109733, 49.187458], [-2.1114785, 49.1872674], [-2.1115477, 49.1872412], [-2.1116547, 49.1872006], [-2.1118643, 49.1871209], [-2.1121184, 49.1870244], [-2.1128323, 49.1867365], [-2.1131245, 49.1866205]]}, "properties": {"way_id": 118485817, "name": "Gloucester Street"}}, {"type": "Feature", "geometry": {"type": "LineString", "coordinates": [[-2.114166, 49.1889232], [-2.11372, 49.1891207], [-2.1135449, 49.1891928], [-2.1134854, 49.1892171]]}, "properties": {"way_id": 119606134, "name": "Peirson Road"}}, {"type": "Feature", "geometry": {"type": "LineString", "coordinates": [[-2.1171919, 49.188376], [-2.1168869, 49.1883521]]}, "properties": {"way_id": 119606171, "name": "St. Aubin's Road"}}, {"type": "Feature", "geometry": {"type": "LineString", "coordinates": [[-2.1136778, 49.1950916], [-2.1137096, 49.195573], [-2.1137113, 49.1960022], [-2.1137833, 49.1964523], [-2.1137871, 49.1964687], [-2.1138398, 49.1966945], [-2.1139099, 49.1969285], [-2.1139227, 49.19706], [-2.1138975, 49.1972144], [-2.1138178, 49.197397]]}, "properties": {"way_id": 119607613, "name": "St John's Road"}}, {"type": "Feature", "geometry": {"type": "LineString", "coordinates": [[-2.0910786, 49.1989196], [-2.0912213, 49.198881], [-2.0913023, 49.1988127], [-2.0913559, 49.1987342], [-2.0914208, 49.1986264], [-2.0915317, 49.1983739], [-2.0916983, 49.1981092], [-2.0917821, 49.1980109], [-2.0919198, 49.1979174], [-2.0922045, 49.1978276], [-2.0925636, 49.1977443], [-2.0929987, 49.1976571], [-2.0931583, 49.1976362], [-2.0933068, 49.1976471], [-2.0938624, 49.1977828], [-2.0944428, 49.1978912], [-2.0948346, 49.1979436], [-2.0950209, 49.1979536], [-2.0952202, 49.1979633], [-2.0953979, 49.1979607], [-2.0955316, 49.197951]]}, "properties": {"way_id": 121558814, "name": "Langley Park"}}, {"type": "Feature", "geometry": {"type": "LineString", "coordinates": [[-2.0896335, 49.1961888], [-2.0897156, 49.19649], [-2.0900551, 49.1977347], [-2.0901276, 49.1977811], [-2.0902726, 49.1978399], [-2.0903874, 49.1978954], [-2.0904696, 49.197958], [-2.090548, 49.1980519], [-2.0906032, 49.1981728], [-2.0907862, 49.1987601], [-2.0908541, 49.1988515], [-2.090949, 49.19891], [-2.0910786, 49.1989196]]}, "properties": {"way_id": 121558815, "name": "Langley Avenue"}}, {"type": "Feature", "geometry": {"type": "LineString", "coordinates": [[-2.0660845, 49.20821], [-2.066016, 49.2080566], [-2.0660144, 49.2078535], [-2.0660258, 49.2073369], [-2.0658883, 49.2069734], [-2.0656261, 49.2063488], [-2.0652725, 49.2055461], [-2.0651537, 49.205297], [-2.0648581, 49.2047876], [-2.0642581, 49.2038757], [-2.0639858, 49.2034343], [-2.0638819, 49.2031574], [-2.0638205, 49.2028016], [-2.0638063, 49.2026005], [-2.0638364, 49.2024609], [-2.063988, 49.2020938], [-2.0641886, 49.2016816], [-2.064406, 49.201235], [-2.0643882, 49.2011696]]}, "properties": {"way_id": 122071320, "name": "Rue du Trot"}}, {"type": "Feature", "geometry": {"type": "LineString", "coordinates": [[-2.0576565, 49.220558], [-2.0576709, 49.2205046], [-2.0576748, 49.220452], [-2.0577192, 49.2198541], [-2.0577543, 49.2195981], [-2.057892, 49.2191584], [-2.0580945, 49.2185878], [-2.058305, 49.2180678], [-2.0583203, 49.218025], [-2.0587809, 49.216857], [-2.0591712, 49.2163154], [-2.0592275, 49.2161374], [-2.059204, 49.2157413], [-2.0591882, 49.2153152], [-2.0590502, 49.2148407], [-2.0589298, 49.214336], [-2.0589118, 49.2141746], [-2.05894, 49.2139931], [-2.059027, 49.2136317], [-2.0590388, 49.2134553], [-2.058853, 49.2128142]]}, "properties": {"way_id": 122074120, "name": "Rue du Hucquet"}}, {"type": "Feature", "geometry": {"type": "LineString", "coordinates": [[-2.0853486, 49.2039396], [-2.0854627, 49.2039143], [-2.0856552, 49.2039448], [-2.085988, 49.2039775], [-2.0861448, 49.2039503], [-2.0864534, 49.2038463], [-2.0868595, 49.2036817], [-2.0875277, 49.2033525], [-2.0880987, 49.2031455]]}, "properties": {"way_id": 122100548, "name": "Grands Vaux"}}, {"type": "Feature", "geometry": {"type": "LineString", "coordinates": [[-2.0631819, 49.2007449], [-2.0629305, 49.2006752], [-2.0624688, 49.2005643], [-2.0622515, 49.2005353], [-2.0620046, 49.200516], [-2.0612009, 49.2004833], [-2.0608484, 49.2004797], [-2.0604403, 49.2004971], [-2.0597809, 49.200552], [-2.0593169, 49.2005696], [-2.0592782, 49.2005693], [-2.0591181, 49.2005681], [-2.0587742, 49.2005654], [-2.0586849, 49.2005665], [-2.0583748, 49.2005859], [-2.0580643, 49.2006179], [-2.0576677, 49.2006888], [-2.0571632, 49.2008137], [-2.0569501, 49.2008887], [-2.0561421, 49.201173], [-2.0556071, 49.2013453], [-2.0546558, 49.2016686], [-2.0537845, 49.2019761], [-2.0535961, 49.2020343], [-2.0535579, 49.2020471]]}, "properties": {"way_id": 129922333, "name": "Route de la Hougue Bie"}}, {"type": "Feature", "geometry": {"type": "LineString", "coordinates": [[-2.1114225, 49.2394831], [-2.1114141, 49.2392904], [-2.1114165, 49.2392536], [-2.1114204, 49.2391945], [-2.1114588, 49.2386366], [-2.1114641, 49.2385545], [-2.1114794, 49.2383193], [-2.1115112, 49.2378307], [-2.1115394, 49.2373965], [-2.1115519, 49.2372033], [-2.1115558, 49.2371438], [-2.1115615, 49.2370589], [-2.1115826, 49.236741], [-2.1115901, 49.236705], [-2.1116012, 49.2366515], [-2.1116261, 49.2365321], [-2.1117782, 49.2361312], [-2.1119435, 49.2358491], [-2.1120845, 49.2356543], [-2.1122639, 49.2354567], [-2.1124185, 49.2352937], [-2.1125441, 49.2351615], [-2.1127432, 49.2349519], [-2.1128088, 49.2348829], [-2.1129364, 49.2347323], [-2.1131705, 49.2344559], [-2.1134873, 49.2341725], [-2.1136763, 49.233973], [-2.1138792, 49.2337589], [-2.1147321, 49.232693], [-2.1147813, 49.2325883], [-2.1149325, 49.232263], [-2.1153014, 49.2314694], [-2.1154808, 49.2310319], [-2.1154843, 49.2310105], [-2.1155133, 49.2308313], [-2.1155027, 49.2305882], [-2.1154399, 49.2303288], [-2.1153113, 49.2300584], [-2.115048, 49.2296013], [-2.1150137, 49.2294849], [-2.1149448, 49.2291015], [-2.1148268, 49.2282088], [-2.1147989, 49.2280591], [-2.1147476, 49.2277835], [-2.1147073, 49.2276444], [-2.1146965, 49.227608], [-2.1145112, 49.2269817], [-2.1142174, 49.2262295], [-2.1140413, 49.2257148], [-2.1138295, 49.2250786], [-2.1137489, 49.2248545], [-2.1135889, 49.2245068]]}, "properties": {"way_id": 129922334, "name": "Grande Route de St. Jean"}}, {"type": "Feature", "geometry": {"type": "LineString", "coordinates": [[-2.1214556, 49.2517357], [-2.1214857, 49.2513757], [-2.1215494, 49.2513229], [-2.1216496, 49.2512421], [-2.1216831, 49.251135], [-2.121641, 49.251032], [-2.1211788, 49.250701], [-2.1209395, 49.2505557], [-2.12062, 49.2503443], [-2.1201152, 49.2500131], [-2.1196549, 49.2497664], [-2.1192188, 49.2495048], [-2.1189334, 49.249374], [-2.1185217, 49.2492133], [-2.1180464, 49.2491098], [-2.1175459, 49.2489484], [-2.117014, 49.2488677]]}, "properties": {"way_id": 129922335, "name": "Les Nouvelles Charri\u00e8res"}}, {"type": "Feature", "geometry": {"type": "LineString", "coordinates": [[-2.0823546, 49.2125793], [-2.0823173, 49.2126955], [-2.082304, 49.2129297], [-2.0823167, 49.2130453], [-2.0824146, 49.2139355]]}, "properties": {"way_id": 129922336, "name": "Mont de la Rosi\u00e8re"}}, {"type": "Feature", "geometry": {"type": "LineString", "coordinates": [[-2.0668488, 49.2236122], [-2.0660235, 49.223577], [-2.0656288, 49.2235511], [-2.0654602, 49.223522], [-2.0649882, 49.2234217], [-2.0646698, 49.223343], [-2.064471, 49.223281], [-2.0642476, 49.2232012], [-2.0640073, 49.2230861], [-2.0634777, 49.22281], [-2.0632895, 49.222682], [-2.062351, 49.2219248], [-2.062054, 49.2216994], [-2.0619284, 49.2216416], [-2.0616236, 49.2215309], [-2.0610402, 49.2213512], [-2.0608023, 49.221248], [-2.0602267, 49.2209733], [-2.0600326, 49.2208975], [-2.0597874, 49.2208233], [-2.0595916, 49.2207806], [-2.0594718, 49.220755], [-2.0593046, 49.2207293], [-2.0582024, 49.2206371], [-2.0579388, 49.2206151], [-2.0577609, 49.2205923]]}, "properties": {"way_id": 129922344, "name": "Rue de la Maitrerie"}}, {"type": "Feature", "geometry": {"type": "LineString", "coordinates": [[-2.1173416, 49.2392847], [-2.1173333, 49.2393964], [-2.117321, 49.2395621], [-2.1173181, 49.2396023], [-2.1172693, 49.2402612], [-2.117232, 49.2405229], [-2.1171957, 49.2406922], [-2.117111, 49.2410877], [-2.1170884, 49.241287], [-2.1170542, 49.2415892], [-2.116952, 49.2419521], [-2.1169459, 49.2420456], [-2.1170163, 49.2421115], [-2.1183053, 49.2424447], [-2.1184992, 49.242481], [-2.1187379, 49.2425509], [-2.1190806, 49.2426869], [-2.1193873, 49.2428189], [-2.1199358, 49.243133], [-2.1201721, 49.2432911], [-2.1207097, 49.2435662], [-2.1209828, 49.2437179], [-2.121254, 49.2438488], [-2.1215788, 49.2440056], [-2.1219838, 49.244178], [-2.1221294, 49.2442399], [-2.1223898, 49.2443462], [-2.1226982, 49.2444617], [-2.1227493, 49.2444797], [-2.1228504, 49.2445152], [-2.1234882, 49.2448114], [-2.123616, 49.2448708], [-2.123664, 49.2448931], [-2.1236873, 49.2449039], [-2.1237907, 49.2449538], [-2.1242702, 49.2451851], [-2.1245993, 49.2453186], [-2.1247339, 49.2453665]]}, "properties": {"way_id": 129922345, "name": "Route de Mont Mado"}}, {"type": "Feature", "geometry": {"type": "LineString", "coordinates": [[-2.0931728, 49.2448138], [-2.0931499, 49.2443784], [-2.0932316, 49.2440403], [-2.0935784, 49.2430652], [-2.0935627, 49.2422358], [-2.0936368, 49.2418568], [-2.0938274, 49.2411945], [-2.0938656, 49.240948], [-2.0938979, 49.2406063], [-2.0939112, 49.2403261], [-2.0938738, 49.2393894], [-2.0936962, 49.238871], [-2.0936019, 49.2386315], [-2.093528, 49.2384476], [-2.0934596, 49.2381808], [-2.0934186, 49.237877], [-2.0934118, 49.2377088], [-2.0936667, 49.2370167], [-2.0937165, 49.2368814]]}, "properties": {"way_id": 129922349, "name": "Rue du Tas de Geon"}}, {"type": "Feature", "geometry": {"type": "LineString", "coordinates": [[-2.071282, 49.2318601], [-2.0712017, 49.2322423], [-2.0711598, 49.2323317], [-2.0711211, 49.2323713], [-2.0710606, 49.2324096], [-2.0709658, 49.2324302], [-2.0706573, 49.2324676], [-2.0702873, 49.2325411], [-2.0699154, 49.2327141], [-2.0696293, 49.2329331], [-2.0694272, 49.2331573], [-2.0693726, 49.2332353], [-2.0692983, 49.2333415], [-2.0691734, 49.23352], [-2.0687892, 49.2338565], [-2.0678511, 49.23471], [-2.0676942, 49.2348289], [-2.0675209, 49.2349668], [-2.0671573, 49.2351778], [-2.0662569, 49.2356323], [-2.0654439, 49.2360223], [-2.0649606, 49.2362474], [-2.0641342, 49.2365786], [-2.0640217, 49.2366112], [-2.0635304, 49.2367537], [-2.062606, 49.2369629], [-2.0622786, 49.2370291], [-2.0617045, 49.2370988], [-2.0613008, 49.2371332], [-2.0607681, 49.2371527], [-2.0601005, 49.2371805], [-2.0595985, 49.2372226], [-2.0582747, 49.2373678], [-2.0568289, 49.2375036], [-2.0565614, 49.2375287], [-2.055614, 49.237534], [-2.0546009, 49.2376271], [-2.0545199, 49.2376345], [-2.0541412, 49.2376693], [-2.0538409, 49.2376847], [-2.0536661, 49.2376713]]}, "properties": {"way_id": 129922350, "name": "Route des C\u00f4tes du Nord"}}, {"type": "Feature", "geometry": {"type": "LineString", "coordinates": [[-2.2312975, 49.1872513], [-2.2312835, 49.1872912], [-2.2312409, 49.1873275], [-2.2309637, 49.1874781], [-2.2306689, 49.1876358], [-2.2304835, 49.1877523], [-2.2300791, 49.1880939], [-2.2300134, 49.188156], [-2.2297947, 49.1883626], [-2.2295533, 49.1885906], [-2.2290824, 49.1890355], [-2.2286683, 49.1894424], [-2.2280594, 49.1902657], [-2.2273179, 49.1913399], [-2.2263107, 49.1928196], [-2.2262339, 49.1929825], [-2.2261639, 49.1932135], [-2.2261542, 49.1932416], [-2.2260966, 49.1934074], [-2.2259596, 49.1935958], [-2.2258109, 49.1937476], [-2.2255835, 49.1939263], [-2.2251684, 49.194487], [-2.2249723, 49.1948181], [-2.2248214, 49.1951458], [-2.2246532, 49.1955792], [-2.224567, 49.1958015], [-2.2237976, 49.1979911], [-2.2234776, 49.1989017]]}, "properties": {"way_id": 129951299, "name": "Route de la Pulente"}}, {"type": "Feature", "geometry": {"type": "LineString", "coordinates": [[-2.1766576, 49.1941547], [-2.1760546, 49.1941337], [-2.1750139, 49.1940384], [-2.1737689, 49.1940349], [-2.1736378, 49.1940144], [-2.1734493, 49.1939428], [-2.1730992, 49.1937597], [-2.1726151, 49.1936317], [-2.1723345, 49.1936351], [-2.1718112, 49.1939414], [-2.1716154, 49.1938202], [-2.1703855, 49.1933072], [-2.1686207, 49.1926558], [-2.1685546, 49.1926315], [-2.1682216, 49.1925482], [-2.1671416, 49.1922781], [-2.166872, 49.1922135]]}, "properties": {"way_id": 129951300, "name": "Mont aux Roux"}}, {"type": "Feature", "geometry": {"type": "LineString", "coordinates": [[-2.1529375, 49.2088402], [-2.1529849, 49.2089329], [-2.1530537, 49.209017]]}, "properties": {"way_id": 129951308, "name": "Les Charri\u00e8res Malorey"}}, {"type": "Feature", "geometry": {"type": "LineString", "coordinates": [[-2.2303955, 49.2455978], [-2.229741, 49.2453389], [-2.2291939, 49.2451012], [-2.2288563, 49.2449545], [-2.228293, 49.2447645], [-2.2276486, 49.2445579]]}, "properties": {"way_id": 129951310, "name": "Rue \u00e0 la Pendue"}}, {"type": "Feature", "geometry": {"type": "LineString", "coordinates": [[-2.23905, 49.2530668], [-2.23863, 49.2530463], [-2.2381797, 49.2530444], [-2.2376109, 49.2530354], [-2.2367012, 49.2529907], [-2.2363145, 49.2529608], [-2.2356258, 49.2528734], [-2.2353662, 49.2528556], [-2.2350904, 49.2528658], [-2.2346783, 49.2529001], [-2.2341822, 49.2529178], [-2.234001, 49.2529006], [-2.2338339, 49.2528581], [-2.2335543, 49.2527139], [-2.233236, 49.2525238], [-2.2331914, 49.2524972], [-2.2330951, 49.2524657], [-2.232986, 49.2524536], [-2.2322445, 49.252422], [-2.2317682, 49.2524007], [-2.2315763, 49.2523802], [-2.2310798, 49.2523095], [-2.2308655, 49.2522616], [-2.2295797, 49.2519743], [-2.2292743, 49.2519142], [-2.2287935, 49.2518445], [-2.2273863, 49.2516683], [-2.2272422, 49.2516502], [-2.2270358, 49.2516151], [-2.2265777, 49.2514767], [-2.2263161, 49.2513896], [-2.2260321, 49.2513577], [-2.2253491, 49.251281]]}, "properties": {"way_id": 129951311, "name": "Rue du Val Bachelier"}}, {"type": "Feature", "geometry": {"type": "LineString", "coordinates": [[-2.2378465, 49.2468424], [-2.2378279, 49.2468876], [-2.2377107, 49.2470567], [-2.2375645, 49.2472224], [-2.2368949, 49.2479567], [-2.2365435, 49.2483174], [-2.2361365, 49.2485372], [-2.2356656, 49.2487076]]}, "properties": {"way_id": 129951312, "name": "Route des Landes"}}, {"type": "Feature", "geometry": {"type": "LineString", "coordinates": [[-2.2196666, 49.2404628], [-2.2195581, 49.2404233], [-2.2194797, 49.2404029], [-2.2193763, 49.2403759], [-2.2191855, 49.2403502], [-2.2188985, 49.2403415], [-2.2184934, 49.2403213], [-2.2181926, 49.2402956], [-2.2180055, 49.2402642], [-2.2178775, 49.2402298], [-2.2177607, 49.2401739], [-2.2176009, 49.2400819], [-2.2174878, 49.2399934], [-2.2172873, 49.2398364], [-2.2170436, 49.2396746], [-2.2168873, 49.2395927], [-2.2164503, 49.2393949], [-2.2161035, 49.2392004], [-2.2159803, 49.2391283], [-2.2157976, 49.2390214], [-2.2157839, 49.2390136], [-2.2155798, 49.2388972], [-2.2153677, 49.2387841], [-2.2151621, 49.2386876], [-2.2150297, 49.2386454], [-2.2147572, 49.238566], [-2.2144235, 49.2384902], [-2.2140644, 49.238404], [-2.2137684, 49.2383187], [-2.2133777, 49.2381635], [-2.2130251, 49.2380455], [-2.2123767, 49.2378466], [-2.2120785, 49.2377533], [-2.2117146, 49.2376579], [-2.211514, 49.2376134], [-2.2101821, 49.2374079], [-2.2097967, 49.2373543], [-2.2094705, 49.237309], [-2.208258, 49.2371071], [-2.2081743, 49.2370932], [-2.2076887, 49.2369922], [-2.2074197, 49.2369363], [-2.2071337, 49.23685], [-2.2069182, 49.2367665], [-2.2066064, 49.2366157], [-2.2061158, 49.236369], [-2.2058434, 49.2362565], [-2.2052366, 49.2360353], [-2.2047816, 49.2359093], [-2.2040896, 49.2358066], [-2.2039195, 49.2357718]]}, "properties": {"way_id": 129951313, "name": "Route de Trodez"}}, {"type": "Feature", "geometry": {"type": "LineString", "coordinates": [[-2.2269366, 49.2347348], [-2.2272292, 49.2349348], [-2.227525, 49.2350626], [-2.2277587, 49.2351552], [-2.2280045, 49.2352454], [-2.2282747, 49.2353199], [-2.2286386, 49.235395], [-2.2288837, 49.2354218], [-2.2290318, 49.2354298], [-2.2291751, 49.2354376], [-2.2293291, 49.2354459], [-2.2309536, 49.235581], [-2.2311846, 49.2356195], [-2.2314366, 49.235705], [-2.2325945, 49.2360862], [-2.2328394, 49.2361798], [-2.2332137, 49.2364517], [-2.2337361, 49.2367249], [-2.2341314, 49.2368875], [-2.2341667, 49.2369026], [-2.2343815, 49.2369887], [-2.2344852, 49.237039], [-2.2355782, 49.2375994], [-2.2365921, 49.2381465], [-2.2371543, 49.2384558], [-2.238358, 49.2388594], [-2.2391069, 49.2391729], [-2.2396849, 49.2393629], [-2.2400187, 49.2394726], [-2.2401009, 49.2394996], [-2.2412194, 49.2398653], [-2.2418622, 49.2400603], [-2.2420567, 49.2401154], [-2.2423004, 49.2401729], [-2.2428174, 49.2402786], [-2.2435606, 49.2404212], [-2.2437135, 49.240466], [-2.2442534, 49.2406557], [-2.2448019, 49.2408425], [-2.2451352, 49.2409598], [-2.2454207, 49.2410514], [-2.2456708, 49.2411152], [-2.245852, 49.2411448]]}, "properties": {"way_id": 129951314, "name": "Route de l'\u00c9tacq"}}, {"type": "Feature", "geometry": {"type": "LineString", "coordinates": [[-2.0397455, 49.1888072], [-2.0399117, 49.188802], [-2.0400399, 49.1887773], [-2.0402113, 49.1887208], [-2.0404052, 49.1886372], [-2.0405174, 49.1885768], [-2.0407856, 49.1884323], [-2.0408353, 49.188405], [-2.0411722, 49.1882203]]}, "properties": {"way_id": 140517266, "name": "La Rue a Don"}}, {"type": "Feature", "geometry": {"type": "LineString", "coordinates": [[-2.1031786, 49.1804719], [-2.1031542, 49.1804952], [-2.1030933, 49.1805534], [-2.1026138, 49.1809831], [-2.1025313, 49.1810519]]}, "properties": {"way_id": 140517284, "name": "Green Street"}}, {"type": "Feature", "geometry": {"type": "LineString", "coordinates": [[-2.0892772, 49.1735556], [-2.0893225, 49.1735964], [-2.089641, 49.1738832], [-2.0897224, 49.1739565], [-2.0897994, 49.174021], [-2.0903523, 49.1744845], [-2.090986, 49.1750203], [-2.0914961, 49.1754485], [-2.0919718, 49.175832], [-2.0921185, 49.1759546], [-2.0922246, 49.1760434], [-2.0923476, 49.1761462], [-2.0924101, 49.1761984], [-2.0925053, 49.1762724], [-2.092605, 49.1763499], [-2.0928344, 49.1765281], [-2.0929418, 49.1766042], [-2.0929836, 49.1766221], [-2.0930484, 49.1766604], [-2.0931732, 49.1767086], [-2.0934289, 49.1768018], [-2.0935919, 49.1768532], [-2.0939197, 49.1769364], [-2.093975, 49.1769507], [-2.0940468, 49.1769679], [-2.0940805, 49.176976], [-2.0942305, 49.1770119], [-2.0945896, 49.1770979], [-2.0946558, 49.1771137], [-2.0949592, 49.1771608], [-2.0950358, 49.1771706], [-2.0951004, 49.1771789], [-2.0953984, 49.1771864], [-2.0955224, 49.1771764], [-2.0957249, 49.1771492], [-2.0962289, 49.1770742], [-2.0963965, 49.1770493], [-2.0965227, 49.1770317], [-2.0966061, 49.1770201], [-2.0966349, 49.1770161]]}, "properties": {"way_id": 140517293, "name": "Gr\u00e8ve d'Azette"}}, {"type": "Feature", "geometry": {"type": "LineString", "coordinates": [[-2.1166857, 49.187398], [-2.1171667, 49.187702]]}, "properties": {"way_id": 140517307, "name": "Esplanade"}}, {"type": "Feature", "geometry": {"type": "LineString", "coordinates": [[-2.1085942, 49.1826553], [-2.1085977, 49.1826839], [-2.1086226, 49.1827264], [-2.1088047, 49.1828774], [-2.1089159, 49.1829605]]}, "properties": {"way_id": 140517315, "name": "Esplanade"}}, {"type": "Feature", "geometry": {"type": "LineString", "coordinates": [[-2.1472007, 49.1981206], [-2.1472297, 49.1981085], [-2.1473452, 49.1980603], [-2.1473919, 49.1980408]]}, "properties": {"way_id": 140519513, "name": "Route de la Haule"}}, {"type": "Feature", "geometry": {"type": "LineString", "coordinates": [[-2.0983449, 49.1896893], [-2.0983827, 49.1897296], [-2.0984326, 49.1897471], [-2.0985011, 49.1897496], [-2.0989536, 49.1896887]]}, "properties": {"way_id": 143291664, "name": "Stopford Road"}}, {"type": "Feature", "geometry": {"type": "LineString", "coordinates": [[-2.0830297, 49.1675603], [-2.0825369, 49.167824], [-2.0823488, 49.1679166], [-2.0821862, 49.167984], [-2.0819631, 49.168055], [-2.0817356, 49.1681548], [-2.0815851, 49.1682338], [-2.0815711, 49.1682411], [-2.0814924, 49.1682958], [-2.0813167, 49.1684505], [-2.0811192, 49.1686547]]}, "properties": {"way_id": 147288504, "name": "Rue du Maupertuis"}}, {"type": "Feature", "geometry": {"type": "LineString", "coordinates": [[-2.1015391, 49.1926829], [-2.1014111, 49.1928523], [-2.101342, 49.1929437], [-2.1012212, 49.1931036], [-2.1009803, 49.1934496], [-2.1009566, 49.1934842], [-2.1006647, 49.1939105], [-2.100653, 49.1939945]]}, "properties": {"way_id": 154245684, "name": "Trinity Road"}}, {"type": "Feature", "geometry": {"type": "LineString", "coordinates": [[-2.1131591, 49.2011822], [-2.1131786, 49.2008046], [-2.1132128, 49.2004867], [-2.113223, 49.1998234], [-2.1132634, 49.1994259], [-2.1132787, 49.1992756], [-2.1132966, 49.1989442]]}, "properties": {"way_id": 155078544, "name": "Grande Route de St. Jean"}}, {"type": "Feature", "geometry": {"type": "LineString", "coordinates": [[-2.1050762, 49.1888659], [-2.1049727, 49.1890751], [-2.1049198, 49.1891819], [-2.1048737, 49.1892882], [-2.1048165, 49.18942], [-2.1047549, 49.1895261], [-2.1046663, 49.1896787], [-2.1045907, 49.1897811], [-2.1043837, 49.1900598], [-2.1043098, 49.1901593], [-2.1039399, 49.1905412], [-2.1038276, 49.1906582], [-2.103734, 49.1907556]]}, "properties": {"way_id": 164982462, "name": "Val Plaisant"}}, {"type": "Feature", "geometry": {"type": "LineString", "coordinates": [[-2.104325, 49.1931257], [-2.1042477, 49.1931589], [-2.1040788, 49.1931777], [-2.1039975, 49.1932022], [-2.1038943, 49.1932825], [-2.1038297, 49.1933564], [-2.1038127, 49.1934185], [-2.1038468, 49.1935356], [-2.104058, 49.1937398], [-2.1041475, 49.1938704], [-2.1043159, 49.194116], [-2.104457, 49.1942892], [-2.1045784, 49.1943894], [-2.1047279, 49.1944678], [-2.1048563, 49.1945352], [-2.1051673, 49.194668], [-2.1053842, 49.1947222], [-2.1056053, 49.194759], [-2.1059343, 49.1948341], [-2.1061668, 49.1949229], [-2.1066129, 49.1951389], [-2.106912, 49.1951692], [-2.1072619, 49.1952047], [-2.1073623, 49.195249], [-2.10744, 49.1953233], [-2.1078599, 49.195656], [-2.108097, 49.1959607], [-2.1082375, 49.196179], [-2.1083451, 49.1963512], [-2.1084517, 49.1965006], [-2.108739, 49.1967807], [-2.1091688, 49.1972074], [-2.1093226, 49.1974462], [-2.1094047, 49.197614], [-2.1095294, 49.1978313], [-2.1096895, 49.1980359], [-2.1097868, 49.1981603], [-2.1098716, 49.1982658]]}, "properties": {"way_id": 165494691, "name": "La Pouquelaye"}}, {"type": "Feature", "geometry": {"type": "LineString", "coordinates": [[-2.1098716, 49.1982658], [-2.1100978, 49.1986163], [-2.1102861, 49.1988798], [-2.1104355, 49.1990711], [-2.111, 49.1995686], [-2.1112826, 49.1998176], [-2.1117183, 49.2001062], [-2.1120573, 49.2003038], [-2.1123584, 49.2005405], [-2.1126271, 49.2008131], [-2.1129919, 49.2011244], [-2.1131591, 49.2011822]]}, "properties": {"way_id": 165494702, "name": "La Pouquelaye"}}, {"type": "Feature", "geometry": {"type": "LineString", "coordinates": [[-2.1132966, 49.1989442], [-2.1136722, 49.1989113], [-2.1137523, 49.1989025], [-2.1140855, 49.1988733], [-2.1142911, 49.1988441], [-2.114459, 49.1988126], [-2.1147812, 49.1987167]]}, "properties": {"way_id": 165497012, "name": "Clarke Avenue"}}, {"type": "Feature", "geometry": {"type": "LineString", "coordinates": [[-2.1156233, 49.2061991], [-2.1134343, 49.2062888]]}, "properties": {"way_id": 165497013, "name": "Ruelle de Rauvlet"}}, {"type": "Feature", "geometry": {"type": "LineString", "coordinates": [[-2.1897634, 49.2062525], [-2.1894955, 49.2063665], [-2.1891818, 49.2064494], [-2.188772, 49.2064903], [-2.1879927, 49.2065554], [-2.1873145, 49.2065936], [-2.1869021, 49.2065597], [-2.1864744, 49.2065021], [-2.18557, 49.2063804], [-2.1852566, 49.2063374], [-2.1851223, 49.206319]]}, "properties": {"way_id": 165548229, "name": "L'Avenue de la Reine Elizabeth II"}}, {"type": "Feature", "geometry": {"type": "LineString", "coordinates": [[-2.245852, 49.2411448], [-2.2459881, 49.2411609], [-2.2463582, 49.2411871], [-2.2467608, 49.2412132], [-2.2471026, 49.2412382], [-2.2475464, 49.2412528], [-2.247734, 49.2412383], [-2.2478783, 49.2412097], [-2.2479822, 49.2411748], [-2.2483484, 49.2410225], [-2.2484412, 49.2409865], [-2.2486442, 49.2409038], [-2.2488069, 49.2407997], [-2.248885, 49.2407386], [-2.2490113, 49.2406419], [-2.2490934, 49.2406017], [-2.2492001, 49.240587], [-2.2492899, 49.2405966], [-2.2494008, 49.2406343], [-2.2495148, 49.2407023], [-2.249619, 49.240781], [-2.2496973, 49.2408618], [-2.2497447, 49.2409535], [-2.2497868, 49.241063], [-2.2498062, 49.2411718], [-2.2498048, 49.2412555], [-2.2497616, 49.2414601], [-2.2496997, 49.2416336]]}, "properties": {"way_id": 166143892, "name": "La Route des Havres"}}, {"type": "Feature", "geometry": {"type": "LineString", "coordinates": [[-2.0419963, 49.176117], [-2.0417742, 49.1761823], [-2.041652, 49.176209], [-2.0412418, 49.1762987], [-2.0408822, 49.1763881], [-2.0406496, 49.1764669], [-2.0401614, 49.1766663], [-2.0399402, 49.1767474], [-2.0395018, 49.1768853], [-2.0392329, 49.1769629], [-2.0389368, 49.1770338], [-2.0385858, 49.1771026], [-2.0382005, 49.1771654], [-2.0376845, 49.1772416], [-2.0374663, 49.1772642], [-2.0370598, 49.1772702], [-2.0366285, 49.177253], [-2.0365427, 49.1772554], [-2.0358983, 49.1773589], [-2.0353645, 49.1774413], [-2.0351245, 49.1774875], [-2.0349066, 49.1775766], [-2.0346004, 49.17777], [-2.034409, 49.1778994]]}, "properties": {"way_id": 166274028, "name": "Rue de Fauvic"}}, {"type": "Feature", "geometry": {"type": "LineString", "coordinates": [[-2.0809145, 49.1689438], [-2.0813691, 49.1694697], [-2.0816018, 49.1697939], [-2.0817166, 49.170064], [-2.0817739, 49.1703252], [-2.0817977, 49.1704339], [-2.0818036, 49.1704607], [-2.0818183, 49.1705234], [-2.0818684, 49.1707361], [-2.0819206, 49.1709272]]}, "properties": {"way_id": 166307554, "name": "La Cambrette"}}, {"type": "Feature", "geometry": {"type": "LineString", "coordinates": [[-2.0811192, 49.1686547], [-2.0808353, 49.1684909], [-2.080693, 49.1683816], [-2.0806227, 49.1683277], [-2.0807539, 49.1682107], [-2.0807813, 49.1681805], [-2.0808473, 49.1681076], [-2.0808705, 49.1680221], [-2.0808578, 49.1678757], [-2.0807183, 49.1676478], [-2.0805289, 49.1673671], [-2.0803464, 49.1672281], [-2.0800823, 49.1671579], [-2.079945, 49.1671489], [-2.0798, 49.1671526], [-2.0795903, 49.1671901], [-2.0793779, 49.1673238], [-2.0792094, 49.1674521], [-2.0791013, 49.1675345], [-2.078999, 49.1676351], [-2.0789007, 49.1677767], [-2.0788508, 49.1679831], [-2.0791013, 49.1680103], [-2.0792342, 49.1680242], [-2.0796272, 49.1680595], [-2.0798051, 49.1680848], [-2.0800687, 49.1681223], [-2.0803168, 49.1681946], [-2.0806227, 49.1683277]]}, "properties": {"way_id": 166307944, "name": "Le Marais"}}, {"type": "Feature", "geometry": {"type": "LineString", "coordinates": [[-2.0819206, 49.1709272], [-2.0823385, 49.1708431], [-2.0823759, 49.1708356], [-2.0826685, 49.1707784], [-2.0827696, 49.1707586], [-2.0829217, 49.1707289], [-2.0832186, 49.1706709], [-2.0834187, 49.1706317], [-2.0834453, 49.1706265], [-2.0837605, 49.1705615], [-2.0841648, 49.1704797], [-2.0842218, 49.1704345], [-2.0842364, 49.170297], [-2.0842442, 49.170149], [-2.0842258, 49.1700249], [-2.0841081, 49.1696745], [-2.0839662, 49.1694192], [-2.08396, 49.1693384], [-2.083998, 49.1692894], [-2.0840791, 49.1692418], [-2.0841414, 49.1692156], [-2.0843115, 49.1691483], [-2.0845182, 49.1690675]]}, "properties": {"way_id": 166344615, "name": "School Road"}}, {"type": "Feature", "geometry": {"type": "LineString", "coordinates": [[-2.0209952, 49.1998791], [-2.0210103, 49.1997931]]}, "properties": {"way_id": 166417445, "name": "Gorey Pier"}}, {"type": "Feature", "geometry": {"type": "LineString", "coordinates": [[-2.0210103, 49.1997931], [-2.0212265, 49.1998078], [-2.0213167, 49.1998568]]}, "properties": {"way_id": 166417447, "name": ""}}, {"type": "Feature", "geometry": {"type": "LineString", "coordinates": [[-2.1106219, 49.183737], [-2.1106133, 49.183838], [-2.1106088, 49.1838906], [-2.1103846, 49.1837598], [-2.1093215, 49.1831393], [-2.1094506, 49.1830462], [-2.1095538, 49.1831043], [-2.109692, 49.1831144], [-2.1098559, 49.1831406], [-2.1103282, 49.1833934], [-2.1106005, 49.1834813], [-2.110579, 49.1835091], [-2.1105649, 49.1836961], [-2.1106219, 49.183737]]}, "properties": {"way_id": 166475583, "name": "Liberation Station"}}, {"type": "Feature", "geometry": {"type": "LineString", "coordinates": [[-2.0811192, 49.1686547], [-2.0810262, 49.1687935], [-2.0809145, 49.1689438]]}, "properties": {"way_id": 166502372, "name": "Rue du Maupertuis"}}, {"type": "Feature", "geometry": {"type": "LineString", "coordinates": [[-2.1134647, 49.1856382], [-2.1131335, 49.1854395], [-2.1122099, 49.1849149], [-2.1121789, 49.1848973], [-2.1120289, 49.1848121], [-2.11186, 49.1847146], [-2.1117463, 49.184646]]}, "properties": {"way_id": 166551657, "name": "Esplanade"}}, {"type": "Feature", "geometry": {"type": "LineString", "coordinates": [[-2.0937936, 49.1788342], [-2.0934501, 49.1787733]]}, "properties": {"way_id": 166596060, "name": "Route du Fort"}}, {"type": "Feature", "geometry": {"type": "LineString", "coordinates": [[-2.0985483, 49.1811939], [-2.0984427, 49.1812117], [-2.0983061, 49.1812346], [-2.098208, 49.1812669], [-2.0981423, 49.1813043], [-2.0980708, 49.1813639]]}, "properties": {"way_id": 166596271, "name": "La Colomberie"}}, {"type": "Feature", "geometry": {"type": "LineString", "coordinates": [[-2.1386354, 49.198585], [-2.1384982, 49.1985876], [-2.138351, 49.1985836]]}, "properties": {"way_id": 166637372, "name": "Route de St. Aubin"}}, {"type": "Feature", "geometry": {"type": "LineString", "coordinates": [[-2.1362627, 49.1983988], [-2.135974, 49.1983257], [-2.1357511, 49.1982341], [-2.1353039, 49.1979872], [-2.1348819, 49.1977035], [-2.1343917, 49.1973813], [-2.133968, 49.1970982], [-2.1338661, 49.1970308], [-2.1336423, 49.1968878], [-2.1334972, 49.1967905], [-2.1332061, 49.1966056], [-2.1331057, 49.1965399], [-2.1329484, 49.1964245], [-2.1326627, 49.196219], [-2.1325634, 49.1961619], [-2.1324741, 49.1961215]]}, "properties": {"way_id": 166637375, "name": "Route de St. Aubin"}}, {"type": "Feature", "geometry": {"type": "LineString", "coordinates": [[-2.0815567, 49.2162105], [-2.0815053, 49.2165084], [-2.0814962, 49.2165609]]}, "properties": {"way_id": 166637381, "name": ""}}, {"type": "Feature", "geometry": {"type": "LineString", "coordinates": [[-2.0814962, 49.2165609], [-2.0806802, 49.2164122], [-2.0804995, 49.2163772], [-2.0803494, 49.2163482]]}, "properties": {"way_id": 166637384, "name": "Rue de la Guilleaumerie"}}, {"type": "Feature", "geometry": {"type": "LineString", "coordinates": [[-2.2048842, 49.2409128], [-2.2048705, 49.2410713], [-2.2047906, 49.241259], [-2.2046753, 49.2413749], [-2.2043622, 49.2415834], [-2.2041541, 49.2417257], [-2.2039403, 49.2419191], [-2.2037932, 49.2421359], [-2.2036714, 49.2425041], [-2.2034667, 49.2434755], [-2.2033433, 49.24368], [-2.2031806, 49.2438481], [-2.203148, 49.2438687], [-2.2021262, 49.2445156], [-2.2019783, 49.2447092], [-2.2017041, 49.2452583], [-2.2012673, 49.2461441], [-2.2011814, 49.2463087], [-2.2011258, 49.2463672], [-2.2010768, 49.2463963], [-2.2009978, 49.2464105]]}, "properties": {"way_id": 166639876, "name": "Mont de la Gr\u00e8ve de Lecq"}}, {"type": "Feature", "geometry": {"type": "LineString", "coordinates": [[-2.166872, 49.1922135], [-2.1674193, 49.1917716], [-2.1678628, 49.1913759], [-2.1679784, 49.1912631], [-2.168118, 49.1910964], [-2.1683406, 49.1907649], [-2.16843, 49.1905925], [-2.1684933, 49.1904236], [-2.1685981, 49.190167], [-2.1687923, 49.1898267], [-2.1690264, 49.1894219]]}, "properties": {"way_id": 166639893, "name": "La Neuve Route"}}, {"type": "Feature", "geometry": {"type": "LineString", "coordinates": [[-2.2228473, 49.2081582], [-2.223224, 49.2094358], [-2.2233209, 49.2099819], [-2.2233557, 49.2101781]]}, "properties": {"way_id": 166639894, "name": "Grande Route des Mielles"}}, {"type": "Feature", "geometry": {"type": "LineString", "coordinates": [[-2.0936021, 49.2367883], [-2.0934526, 49.2367756], [-2.0923833, 49.2365796], [-2.0919725, 49.2364846], [-2.0913192, 49.2363284], [-2.0908596, 49.2362508], [-2.0904922, 49.2362048], [-2.0899683, 49.236147], [-2.0896035, 49.2360998], [-2.0887299, 49.236152], [-2.0884249, 49.2361757], [-2.0880789, 49.2362019], [-2.0878806, 49.2361906], [-2.0875578, 49.2361353], [-2.0867075, 49.2358464], [-2.0866505, 49.2358224], [-2.0863769, 49.2357072], [-2.0860395, 49.235566], [-2.0856783, 49.2353998], [-2.0855719, 49.2354127]]}, "properties": {"way_id": 166643474, "name": "Rue de la Petite Falaise"}}, {"type": "Feature", "geometry": {"type": "LineString", "coordinates": [[-2.0915092, 49.2355145], [-2.0915395, 49.2353209], [-2.0915635, 49.2349032], [-2.0915544, 49.2343889], [-2.0914416, 49.2341563], [-2.0910818, 49.2337761], [-2.0910674, 49.2337433], [-2.0909883, 49.2335625], [-2.0909579, 49.2333712], [-2.090947, 49.2332903]]}, "properties": {"way_id": 166643475, "name": "Rue du Presbyt\u00e8re"}}, {"type": "Feature", "geometry": {"type": "LineString", "coordinates": [[-2.0855719, 49.2354127], [-2.0855189, 49.2352757], [-2.0856375, 49.2350333], [-2.0859636, 49.2343669], [-2.0862392, 49.2339396], [-2.0866142, 49.2333414], [-2.0868121, 49.2329691]]}, "properties": {"way_id": 166643478, "name": "Route du Boulay"}}, {"type": "Feature", "geometry": {"type": "LineString", "coordinates": [[-2.0442346, 49.2300769], [-2.0442241, 49.2300339], [-2.0441846, 49.22977], [-2.0440991, 49.2293965], [-2.0440426, 49.2292396]]}, "properties": {"way_id": 166643479, "name": "Grande Route de Rozel"}}, {"type": "Feature", "geometry": {"type": "LineString", "coordinates": [[-2.1050762, 49.1888659], [-2.1051759, 49.1886356], [-2.1053059, 49.1883147], [-2.1053979, 49.1881195], [-2.1055482, 49.1878007]]}, "properties": {"way_id": 166666221, "name": "Val Plaisant"}}, {"type": "Feature", "geometry": {"type": "LineString", "coordinates": [[-2.0842224, 49.2064543], [-2.0840519, 49.2067556], [-2.0836369, 49.2073369], [-2.0832724, 49.2079796], [-2.083358, 49.2086025], [-2.0834746, 49.2093956], [-2.083527, 49.2096898], [-2.0835298, 49.2098654], [-2.0835253, 49.209958], [-2.0835177, 49.2101148], [-2.083456, 49.2105355], [-2.0833821, 49.2108541], [-2.0833216, 49.2110507], [-2.0832309, 49.2112265], [-2.0829086, 49.2116219], [-2.0826574, 49.2120892], [-2.0823978, 49.2125094], [-2.0823546, 49.2125793]]}, "properties": {"way_id": 166722827, "name": "Mont de la Rosi\u00e8re"}}, {"type": "Feature", "geometry": {"type": "LineString", "coordinates": [[-2.0853486, 49.2039396], [-2.085295, 49.2039875], [-2.0852682, 49.2041072], [-2.0853539, 49.2042709], [-2.0854859, 49.2045232], [-2.0855074, 49.2046525], [-2.0854836, 49.204785], [-2.0853668, 49.2050035], [-2.0852154, 49.2052151], [-2.0849174, 49.205536], [-2.084628, 49.2059284], [-2.0843212, 49.2061882], [-2.0842484, 49.2062938], [-2.0842224, 49.2064543]]}, "properties": {"way_id": 166722828, "name": "Grands Vaux"}}, {"type": "Feature", "geometry": {"type": "LineString", "coordinates": [[-2.0738768, 49.1825697], [-2.0741648, 49.1826002], [-2.0744234, 49.1826116], [-2.0752658, 49.1826126], [-2.0755855, 49.1826517], [-2.0758756, 49.1827287], [-2.0769912, 49.1830253], [-2.0771236, 49.1830582], [-2.0777586, 49.1832214], [-2.0784072, 49.1833855], [-2.0790581, 49.1835498], [-2.0792014, 49.1835666], [-2.0793157, 49.1835663], [-2.0794145, 49.1835599]]}, "properties": {"way_id": 166735358, "name": "Longueville Road"}}, {"type": "Feature", "geometry": {"type": "LineString", "coordinates": [[-2.100955, 49.1821238], [-2.1010232, 49.182121], [-2.1010373, 49.1821204], [-2.101116, 49.1820905], [-2.101366, 49.1819482], [-2.1015209, 49.1818367], [-2.1019065, 49.1815252]]}, "properties": {"way_id": 167041783, "name": "Green Street"}}, {"type": "Feature", "geometry": {"type": "LineString", "coordinates": [[-2.0198266, 49.2245654], [-2.0198411, 49.2245144], [-2.0198899, 49.224472], [-2.0199909, 49.2244103], [-2.0202577, 49.2242856], [-2.0205545, 49.2241546], [-2.0212079, 49.2238945], [-2.0225663, 49.223779], [-2.0231965, 49.2237293], [-2.0233224, 49.2237194], [-2.0235118, 49.2236874], [-2.0237346, 49.2236455]]}, "properties": {"way_id": 167043521, "name": "Route de Ste.Catherine"}}, {"type": "Feature", "geometry": {"type": "LineString", "coordinates": [[-2.0438337, 49.2154498], [-2.0437187, 49.2153631], [-2.0429334, 49.2146898], [-2.0425645, 49.2143985], [-2.0421033, 49.2140343], [-2.0413318, 49.2134912], [-2.0408867, 49.2132216], [-2.040686, 49.2131329], [-2.0404749, 49.2130495], [-2.0387476, 49.2123427], [-2.0382661, 49.2121244], [-2.0377403, 49.211866], [-2.0373828, 49.2115736], [-2.0371197, 49.211244], [-2.0367518, 49.2104492], [-2.0364671, 49.2100447], [-2.036274, 49.209833], [-2.0353111, 49.2091387], [-2.0342893, 49.2084749], [-2.0340383, 49.2082713], [-2.0339052, 49.2081447], [-2.0336669, 49.207918], [-2.0335881, 49.2078332], [-2.0335338, 49.2077748], [-2.0334247, 49.2076573], [-2.0327553, 49.2069645], [-2.0325189, 49.2066772], [-2.032481, 49.2065942], [-2.0324536, 49.2063242], [-2.032434, 49.2058625], [-2.0323902, 49.2055263], [-2.0322824, 49.2051058], [-2.0322134, 49.2047822], [-2.0321707, 49.2046829], [-2.0318407, 49.2041921], [-2.0316114, 49.2038572], [-2.031492, 49.2036273], [-2.0314105, 49.2034652]]}, "properties": {"way_id": 167044310, "name": "Grande Route de Faldouet"}}, {"type": "Feature", "geometry": {"type": "LineString", "coordinates": [[-2.1385787, 49.2461694], [-2.138648, 49.246201], [-2.1389606, 49.2463434]]}, "properties": {"way_id": 167046520, "name": "Temple Court"}}, {"type": "Feature", "geometry": {"type": "LineString", "coordinates": [[-2.1725691, 49.1744633], [-2.1727904, 49.1740583], [-2.1729047, 49.173683], [-2.1729995, 49.1732048], [-2.1730057, 49.1731267], [-2.1730112, 49.1731039], [-2.173019, 49.1729068], [-2.1730358, 49.1728357]]}, "properties": {"way_id": 167171210, "name": "Portelet Lane"}}, {"type": "Feature", "geometry": {"type": "LineString", "coordinates": [[-2.100653, 49.1939945], [-2.1005357, 49.1940728], [-2.1003943, 49.194214], [-2.10028, 49.194289], [-2.1001723, 49.1943366]]}, "properties": {"way_id": 167183630, "name": "Trinity Road"}}, {"type": "Feature", "geometry": {"type": "LineString", "coordinates": [[-2.0329737, 49.203859], [-2.0315293, 49.2035032], [-2.0314105, 49.2034652]]}, "properties": {"way_id": 167184486, "name": "Ruette de Faldouet"}}, {"type": "Feature", "geometry": {"type": "LineString", "coordinates": [[-2.2339356, 49.2315022], [-2.2339114, 49.2315875], [-2.2337538, 49.2317638], [-2.2325633, 49.2329396], [-2.2322742, 49.2332251], [-2.2315982, 49.2338573], [-2.2314869, 49.2339518], [-2.2312404, 49.2341211], [-2.2309785, 49.2342875], [-2.230825, 49.2343741], [-2.2305327, 49.234539], [-2.230284, 49.2346615], [-2.2300294, 49.234755], [-2.2298771, 49.2347842], [-2.2297153, 49.2348008], [-2.2293572, 49.2348047], [-2.2284643, 49.2347769], [-2.2281898, 49.2347678], [-2.2269366, 49.2347348]]}, "properties": {"way_id": 167191258, "name": "Route des Laveurs"}}, {"type": "Feature", "geometry": {"type": "LineString", "coordinates": [[-2.2234776, 49.1989017], [-2.2229057, 49.2005253], [-2.2222661, 49.2023408], [-2.2220065, 49.2030706], [-2.2217865, 49.2037559], [-2.2217483, 49.2039166], [-2.2217342, 49.2040874], [-2.22175, 49.2042328], [-2.2217816, 49.2044145], [-2.2218085, 49.2045248], [-2.2219069, 49.2048693], [-2.2220628, 49.2053915], [-2.222106, 49.2055369], [-2.2224431, 49.2067554], [-2.222482, 49.2068904], [-2.2228337, 49.2081142]]}, "properties": {"way_id": 167194571, "name": "Grande Route des Mielles"}}, {"type": "Feature", "geometry": {"type": "LineString", "coordinates": [[-2.2258621, 49.1870928], [-2.2276358, 49.1880796], [-2.2279507, 49.188193], [-2.22835, 49.1882141], [-2.228531, 49.1881549], [-2.2296552, 49.1873004], [-2.2297516, 49.187262], [-2.2298792, 49.1872352], [-2.2306219, 49.1871854], [-2.2311084, 49.1871606], [-2.2311803, 49.1871652], [-2.2312321, 49.1871799], [-2.2312735, 49.1871988], [-2.2312923, 49.1872271], [-2.2312975, 49.1872513]]}, "properties": {"way_id": 167194577, "name": "Mont de la Pulente"}}, {"type": "Feature", "geometry": {"type": "LineString", "coordinates": [[-2.2198988, 49.1842169], [-2.2200147, 49.1838863], [-2.220326, 49.1829904], [-2.2204828, 49.1825362], [-2.2205338, 49.1822478], [-2.2205405, 49.1818885], [-2.2205464, 49.1817232], [-2.22061, 49.1813332], [-2.2206083, 49.1813056], [-2.2205908, 49.1810254], [-2.2205927, 49.1807949], [-2.220662, 49.1806564], [-2.2207662, 49.1805616]]}, "properties": {"way_id": 167196117, "name": "Route du Sud"}}, {"type": "Feature", "geometry": {"type": "LineString", "coordinates": [[-2.238936, 49.1812197], [-2.239148, 49.1811954], [-2.2394972, 49.1811528]]}, "properties": {"way_id": 167196126, "name": "Rue de la Corbi\u00e8re"}}, {"type": "Feature", "geometry": {"type": "LineString", "coordinates": [[-2.1020726, 49.1815655], [-2.1020473, 49.1819087], [-2.102018, 49.1822084], [-2.1019753, 49.1825684]]}, "properties": {"way_id": 167327287, "name": "Grenville Street"}}, {"type": "Feature", "geometry": {"type": "LineString", "coordinates": [[-2.1548742, 49.2312799], [-2.1548347, 49.2311791], [-2.1547402, 49.2308318], [-2.1547, 49.2306842], [-2.1546469, 49.2304889], [-2.1545645, 49.2301047], [-2.1545416, 49.2299979], [-2.1544779, 49.2296376], [-2.1544189, 49.2295745], [-2.1543077, 49.2295266], [-2.1535474, 49.2293846], [-2.1534447, 49.2293663], [-2.1533553, 49.2293298], [-2.1533092, 49.2292784], [-2.1532066, 49.229138], [-2.1531518, 49.2290916], [-2.1530537, 49.2290454], [-2.1520813, 49.2288526], [-2.1513041, 49.2286345]]}, "properties": {"way_id": 167981432, "name": "Les Chanolles des Six Rues"}}, {"type": "Feature", "geometry": {"type": "LineString", "coordinates": [[-2.148178, 49.2273895], [-2.1475824, 49.227283], [-2.1463231, 49.2270579], [-2.145955, 49.2269921], [-2.1456433, 49.2269364], [-2.1454576, 49.2268572]]}, "properties": {"way_id": 167981434, "name": "La Rue"}}, {"type": "Feature", "geometry": {"type": "LineString", "coordinates": [[-2.1475006, 49.1980431], [-2.147421, 49.1981032], [-2.1473806, 49.1981515], [-2.1473726, 49.1981768]]}, "properties": {"way_id": 168117416, "name": ""}}, {"type": "Feature", "geometry": {"type": "LineString", "coordinates": [[-2.1177482, 49.1885656], [-2.1175225, 49.1884784], [-2.1174072, 49.188438], [-2.1172575, 49.1883877]]}, "properties": {"way_id": 168118388, "name": "Route de St. Aubin"}}, {"type": "Feature", "geometry": {"type": "LineString", "coordinates": [[-2.1174269, 49.1883333], [-2.1174834, 49.1883743], [-2.1175767, 49.1884417], [-2.1177482, 49.1885656]]}, "properties": {"way_id": 168118389, "name": "Route de St. Aubin"}}, {"type": "Feature", "geometry": {"type": "LineString", "coordinates": [[-2.1677028, 49.2353858], [-2.1675102, 49.235428], [-2.1674223, 49.2354472], [-2.1673176, 49.2354785], [-2.166936, 49.2355924], [-2.1662803, 49.2357619], [-2.1655098, 49.235961], [-2.1648494, 49.2361027], [-2.1641683, 49.2361884]]}, "properties": {"way_id": 168283367, "name": "La Rue des Buttes"}}, {"type": "Feature", "geometry": {"type": "LineString", "coordinates": [[-2.1825936, 49.2273391], [-2.1824996, 49.2274517], [-2.1824089, 49.2276444], [-2.182392, 49.2278692], [-2.1823684, 49.228184], [-2.1824148, 49.2285458], [-2.1825752, 49.2290173]]}, "properties": {"way_id": 169107013, "name": "Route du Carrefour \u00e0 Cendre"}}, {"type": "Feature", "geometry": {"type": "LineString", "coordinates": [[-2.1821875, 49.212919], [-2.1820974, 49.2128826], [-2.1817697, 49.2127162], [-2.1814186, 49.2124815], [-2.1814011, 49.2124663], [-2.1812838, 49.2123643], [-2.181034, 49.2120909], [-2.1807514, 49.2117218], [-2.1806735, 49.2116201], [-2.180376, 49.2112524], [-2.1803309, 49.2112073], [-2.1800703, 49.2110439], [-2.1798965, 49.2109306]]}, "properties": {"way_id": 169107246, "name": "Route de Beaumont"}}, {"type": "Feature", "geometry": {"type": "LineString", "coordinates": [[-2.1286675, 49.2481396], [-2.1281677, 49.2482107], [-2.1281095, 49.2482249], [-2.1280445, 49.2482407], [-2.1279145, 49.2482969], [-2.1278624, 49.2483443], [-2.1277173, 49.2484944], [-2.1276371, 49.2485846], [-2.1274531, 49.2488063], [-2.1274311, 49.2488228], [-2.1274086, 49.2488397], [-2.1272837, 49.2489019], [-2.1271086, 49.2489924], [-2.1269335, 49.2490647], [-2.1268516, 49.2490985], [-2.126436, 49.2492267], [-2.1260157, 49.2493164], [-2.1259652, 49.2493416], [-2.1259701, 49.249381], [-2.126059, 49.2494587], [-2.1260807, 49.2494748], [-2.1267279, 49.2499534], [-2.1264901, 49.2502609], [-2.1262353, 49.2504707], [-2.1260831, 49.2505185], [-2.1253389, 49.2506208], [-2.1248645, 49.2507481], [-2.1233883, 49.2510039], [-2.1231102, 49.251107], [-2.122797, 49.2512674], [-2.1227223, 49.2513122], [-2.1224045, 49.2515025], [-2.1221334, 49.2516577], [-2.1215899, 49.2519688], [-2.1215391, 49.2519826], [-2.1215127, 49.2519784], [-2.1214921, 49.2519539], [-2.1214599, 49.2518975], [-2.1214556, 49.2517357]]}, "properties": {"way_id": 169420338, "name": "Charri\u00e8res de Bonne Nuit"}}, {"type": "Feature", "geometry": {"type": "LineString", "coordinates": [[-2.117014, 49.2488677], [-2.1168225, 49.2488519], [-2.1166805, 49.2488158], [-2.1166555, 49.2488094], [-2.1166012, 49.2487793], [-2.1164726, 49.248708], [-2.1163544, 49.2485872], [-2.1162133, 49.2484159], [-2.1161431, 49.2482087], [-2.1161216, 49.247889], [-2.1160008, 49.2475105], [-2.1160143, 49.2473708], [-2.1161759, 49.2470154], [-2.116186, 49.2469085], [-2.1158201, 49.2461533], [-2.1156754, 49.2460344]]}, "properties": {"way_id": 169421647, "name": "Les Anciennes Charri\u00e8res"}}, {"type": "Feature", "geometry": {"type": "LineString", "coordinates": [[-2.1113318, 49.2397594], [-2.1099413, 49.2400129], [-2.109498, 49.2400937], [-2.1091404, 49.2401095], [-2.1086804, 49.2401298], [-2.1068787, 49.2405321], [-2.106566, 49.2405832], [-2.1065201, 49.240588], [-2.1061855, 49.240623], [-2.1057666, 49.2406496], [-2.1053115, 49.2405955], [-2.1049285, 49.2405021], [-2.1048517, 49.2404698], [-2.1046463, 49.2403835], [-2.1045385, 49.2403382], [-2.1042907, 49.2402315], [-2.1039165, 49.2400703], [-2.1034521, 49.2398703], [-2.103162, 49.2397454], [-2.1030007, 49.2396686], [-2.1025317, 49.2394453], [-2.1019792, 49.2391244], [-2.1015246, 49.2389125], [-2.1011402, 49.2387073], [-2.099578, 49.2381248], [-2.099019, 49.2379269], [-2.0989045, 49.2378992], [-2.0987348, 49.2378716], [-2.098401, 49.2378375], [-2.0980254, 49.2378203], [-2.0964507, 49.2378751], [-2.0961482, 49.2378774], [-2.0960155, 49.2378673], [-2.0958773, 49.2378421], [-2.0956196, 49.237788], [-2.0955871, 49.2377812], [-2.0952429, 49.2376885], [-2.0950485, 49.2376242], [-2.0947225, 49.2374972], [-2.0941984, 49.2372359], [-2.0940278, 49.2371141], [-2.0937165, 49.2368814]]}, "properties": {"way_id": 169422290, "name": "Route d'Ebenezer"}}, {"type": "Feature", "geometry": {"type": "LineString", "coordinates": [[-2.1570085, 49.2436598], [-2.1567617, 49.2434157], [-2.1564443, 49.2429031], [-2.1563176, 49.2427348], [-2.156257, 49.2426636], [-2.1553804, 49.2416682]]}, "properties": {"way_id": 169429593, "name": "La Rue du Cerf"}}, {"type": "Feature", "geometry": {"type": "LineString", "coordinates": [[-2.1684386, 49.2502924], [-2.1684859, 49.2502704], [-2.1685609, 49.2501955], [-2.168574, 49.2501593], [-2.1684279, 49.2501033], [-2.1678846, 49.2499764]]}, "properties": {"way_id": 169446520, "name": ""}}, {"type": "Feature", "geometry": {"type": "LineString", "coordinates": [[-2.1990758, 49.2317498], [-2.1989247, 49.2317784], [-2.198827, 49.2318218], [-2.1985725, 49.2319711], [-2.198356, 49.232081], [-2.1979784, 49.2322726], [-2.1979157, 49.2323026], [-2.1977978, 49.2323598], [-2.1971908, 49.232653], [-2.196565, 49.2329411], [-2.1954097, 49.2334732]]}, "properties": {"way_id": 169829609, "name": "Rue Militaire"}}, {"type": "Feature", "geometry": {"type": "LineString", "coordinates": [[-2.1879382, 49.2191336], [-2.1874376, 49.2186012], [-2.1873371, 49.2185056], [-2.1871692, 49.218346], [-2.1870185, 49.2182136], [-2.1864078, 49.2178333], [-2.1861902, 49.2176571], [-2.186002, 49.2174881], [-2.1858492, 49.2172912], [-2.1854206, 49.2167782], [-2.1852431, 49.216599], [-2.1852031, 49.2165586], [-2.1851315, 49.2164964], [-2.1850131, 49.2163994], [-2.184862, 49.2162762], [-2.1845836, 49.2160491], [-2.1845447, 49.2160159], [-2.1845148, 49.2159903], [-2.1842685, 49.2157843], [-2.1841726, 49.215712], [-2.1838392, 49.2154608], [-2.1837078, 49.2152825], [-2.1836235, 49.2151245], [-2.1834614, 49.2147299], [-2.1834462, 49.214693], [-2.1834225, 49.2146353], [-2.18333, 49.2144102], [-2.1832888, 49.21431]]}, "properties": {"way_id": 169843655, "name": "Grande Route de St Pierre"}}, {"type": "Feature", "geometry": {"type": "LineString", "coordinates": [[-2.1431695, 49.2070565], [-2.1431428, 49.2069587], [-2.1430899, 49.2067973], [-2.1430315, 49.2066079], [-2.1429295, 49.2064094], [-2.1427804, 49.2061562], [-2.1426213, 49.2058862], [-2.1425283, 49.2057282], [-2.1422671, 49.2053484], [-2.142073, 49.2051412], [-2.1418632, 49.2049447], [-2.1415755, 49.2047753], [-2.1409159, 49.2044986], [-2.1408947, 49.2044885], [-2.1404975, 49.2043008], [-2.1403918, 49.2042341], [-2.1401904, 49.2040925], [-2.1401302, 49.2040454], [-2.1399834, 49.2039305], [-2.1398815, 49.2038298], [-2.139828, 49.2037561], [-2.1397952, 49.2037109], [-2.1390629, 49.2026927], [-2.1390082, 49.2026132], [-2.1385145, 49.2018953], [-2.1384594, 49.2018549], [-2.1380571, 49.2015465], [-2.137506, 49.2011555], [-2.1370566, 49.2008824], [-2.1368422, 49.2007268], [-2.1367531, 49.2006227], [-2.1367282, 49.2005018], [-2.1367408, 49.200284]]}, "properties": {"way_id": 170755035, "name": "Mont F\u00e9lard"}}, {"type": "Feature", "geometry": {"type": "LineString", "coordinates": [[-2.0420357, 49.2027884], [-2.0419399, 49.2028232], [-2.0418196, 49.2028393], [-2.0416923, 49.2028388], [-2.0415338, 49.2028228], [-2.0413929, 49.2027827], [-2.0412698, 49.2026983], [-2.0411693, 49.2025619], [-2.0410392, 49.2024003], [-2.0409425, 49.202292], [-2.0408252, 49.2021977], [-2.0406502, 49.2020904]]}, "properties": {"way_id": 170916277, "name": "Rue d'Aval"}}, {"type": "Feature", "geometry": {"type": "LineString", "coordinates": [[-2.0314105, 49.2034652], [-2.0313687, 49.2033681], [-2.0313284, 49.2032998], [-2.0311665, 49.2030788], [-2.0308232, 49.2027594], [-2.0302664, 49.202279], [-2.0301405, 49.2021704], [-2.0298364, 49.2017936], [-2.0296536, 49.2015382], [-2.0294467, 49.201213], [-2.0293218, 49.2009807], [-2.029289, 49.2009197], [-2.0292221, 49.2007503], [-2.0292118, 49.200671], [-2.0292472, 49.2004798], [-2.0292532, 49.2003649], [-2.0292241, 49.2002473], [-2.0289169, 49.1997251], [-2.0288244, 49.1995746], [-2.0287636, 49.1994959], [-2.0286576, 49.1994113], [-2.0285763, 49.1993725], [-2.0284713, 49.1993479], [-2.0283492, 49.1993279], [-2.0281854, 49.1993286], [-2.0280003, 49.199351], [-2.0278102, 49.1993676], [-2.0276184, 49.1993699], [-2.0273878, 49.1993657], [-2.0270904, 49.1993409], [-2.0268773, 49.199316]]}, "properties": {"way_id": 170922726, "name": "Mont Gabard"}}, {"type": "Feature", "geometry": {"type": "LineString", "coordinates": [[-2.0268773, 49.199316], [-2.0264236, 49.1992354], [-2.0262226, 49.1992081], [-2.0255526, 49.1991601], [-2.0251885, 49.1991498], [-2.0249907, 49.199165], [-2.0248044, 49.1992076], [-2.0244613, 49.1993401], [-2.0237514, 49.1996343], [-2.0236852, 49.1996618]]}, "properties": {"way_id": 170922729, "name": "Mont de Gouray"}}, {"type": "Feature", "geometry": {"type": "LineString", "coordinates": [[-2.0577609, 49.2205923], [-2.0576565, 49.220558]]}, "properties": {"way_id": 170922731, "name": "Rue de la Croix au Maitre"}}, {"type": "Feature", "geometry": {"type": "LineString", "coordinates": [[-2.0371891, 49.1662396], [-2.0378124, 49.1664057], [-2.0385563, 49.1665906], [-2.0391323, 49.1667171], [-2.0393716, 49.1667557], [-2.0396884, 49.1668068], [-2.0398533, 49.1668449], [-2.040003, 49.166891], [-2.0403708, 49.1670688], [-2.0405091, 49.1671212], [-2.0408068, 49.167217], [-2.0412106, 49.1673067], [-2.0417858, 49.1674345], [-2.0425803, 49.167593], [-2.0429156, 49.167683], [-2.0431831, 49.1677832], [-2.0434644, 49.1679351], [-2.0435989, 49.1680078], [-2.0439843, 49.1681672], [-2.0445586, 49.1683535], [-2.0453368, 49.1687125], [-2.0455491, 49.1688027], [-2.0461856, 49.169021], [-2.0463069, 49.1690535], [-2.0467368, 49.1691598], [-2.0471249, 49.1692873], [-2.0477532, 49.1695825], [-2.0480439, 49.1696939], [-2.0482108, 49.1697401], [-2.0483527, 49.1697688], [-2.048573, 49.1697924], [-2.049246, 49.1698362], [-2.0496063, 49.1698603], [-2.0499357, 49.1698558], [-2.0499638, 49.169854], [-2.0506643, 49.1698097], [-2.0516299, 49.1697965], [-2.0524758, 49.1697844], [-2.052997, 49.1697482], [-2.0530909, 49.1697411], [-2.053688, 49.1696884], [-2.0539522, 49.169645], [-2.0541911, 49.1695859], [-2.0544214, 49.1695161], [-2.0545753, 49.1694823], [-2.0559512, 49.1693133], [-2.0560711, 49.1692945], [-2.0569966, 49.1691199], [-2.057054, 49.1691036], [-2.0574671, 49.1689863], [-2.0575616, 49.168934], [-2.0578873, 49.168708], [-2.0579613, 49.1686713], [-2.0580383, 49.1686332], [-2.0584026, 49.1685041], [-2.0589798, 49.1683512], [-2.0591061, 49.1682905], [-2.0593743, 49.1681119], [-2.0597912, 49.1679612], [-2.0602489, 49.167761], [-2.0604601, 49.1676686], [-2.060703, 49.1675028], [-2.0609215, 49.1673329], [-2.0611236, 49.1672609], [-2.0611906, 49.1672459], [-2.0613081, 49.1672195], [-2.0614812, 49.1672075], [-2.0618685, 49.1672561], [-2.0619381, 49.1672636], [-2.0621383, 49.167295], [-2.0622445, 49.1673103], [-2.0626362, 49.1673643], [-2.0628464, 49.1673954], [-2.0638589, 49.1675323], [-2.0640826, 49.1675625], [-2.0645807, 49.1676076], [-2.0649608, 49.1676262], [-2.0659155, 49.1674855], [-2.0671626, 49.1673107], [-2.0681974, 49.167188], [-2.068396, 49.1671456], [-2.0686175, 49.1670683], [-2.0689459, 49.1669428], [-2.069022, 49.1669137], [-2.0691898, 49.1668446], [-2.0693791, 49.1667527], [-2.0694629, 49.1667076], [-2.0696222, 49.166622], [-2.0707889, 49.1661648], [-2.0715229, 49.1658482], [-2.0721145, 49.1655994], [-2.072654, 49.1653473], [-2.072827, 49.165231], [-2.0735258, 49.1647036], [-2.0744616, 49.1640603], [-2.0745199, 49.1640132], [-2.0747476, 49.1639105], [-2.074938, 49.1638421], [-2.0751129, 49.1637792], [-2.0754097, 49.1637017], [-2.0756455, 49.1636603], [-2.0757025, 49.1636668], [-2.0758882, 49.1636759], [-2.0759754, 49.1636829], [-2.0760822, 49.1636914], [-2.0765922, 49.1637459], [-2.0770309, 49.1638127], [-2.0773332, 49.1638772], [-2.0777057, 49.1639668], [-2.077859, 49.1640111], [-2.0780816, 49.1640822], [-2.0783067, 49.1641688], [-2.0784332, 49.1642175], [-2.0786406, 49.1643126], [-2.0788219, 49.1644079], [-2.0790936, 49.1645863], [-2.0792122, 49.1646635], [-2.0793445, 49.1647497], [-2.0799622, 49.1651665], [-2.0806178, 49.1656215], [-2.081767, 49.1664508], [-2.0820071, 49.1666124], [-2.0822319, 49.1667647], [-2.0824665, 49.1669447], [-2.082518, 49.1669949], [-2.0826977, 49.1671699], [-2.082828, 49.1673167], [-2.0829494, 49.1674732], [-2.0830297, 49.1675603]]}, "properties": {"way_id": 170927164, "name": "Grande Route de la C\u00f4te"}}, {"type": "Feature", "geometry": {"type": "LineString", "coordinates": [[-2.0392519, 49.1853052], [-2.039239, 49.1852865], [-2.0391981, 49.1852274], [-2.0389488, 49.185055], [-2.0386881, 49.1848805], [-2.0386461, 49.1848457], [-2.0385951, 49.1847586], [-2.0385672, 49.1846908], [-2.0384435, 49.18439], [-2.0383146, 49.1840374], [-2.0382943, 49.1839812], [-2.0380174, 49.1832127], [-2.0380003, 49.1831734], [-2.0379213, 49.1829913], [-2.0377999, 49.1827475], [-2.0376133, 49.1824997], [-2.0374594, 49.1823344], [-2.0373654, 49.1822513], [-2.0372373, 49.1821773], [-2.0370089, 49.1820857], [-2.0364587, 49.181906], [-2.0362889, 49.1818433], [-2.0361701, 49.1817829], [-2.0360612, 49.1817051], [-2.0359515, 49.1815631], [-2.0358833, 49.1814421], [-2.0358448, 49.1813553], [-2.0357956, 49.1811486], [-2.0357527, 49.1807474], [-2.0356548, 49.1804456], [-2.0353887, 49.1798992], [-2.0353682, 49.1798543], [-2.0353474, 49.1798086], [-2.0352133, 49.179493], [-2.0350789, 49.1789992], [-2.0350681, 49.1789559], [-2.0350481, 49.1788758], [-2.0349913, 49.1786771], [-2.0349652, 49.1785872], [-2.0349572, 49.1785597], [-2.0348989, 49.1783811], [-2.0348442, 49.1782834], [-2.0347785, 49.1781937], [-2.0346017, 49.1780443], [-2.034409, 49.1778994]]}, "properties": {"way_id": 170928439, "name": "Grande Route des Sablons"}}, {"type": "Feature", "geometry": {"type": "LineString", "coordinates": [[-2.0708989, 49.1818452], [-2.0710958, 49.1819725], [-2.071447, 49.1821291], [-2.0719822, 49.1822234], [-2.0725719, 49.1823274], [-2.0738768, 49.1825697]]}, "properties": {"way_id": 170929096, "name": "Longueville Road"}}, {"type": "Feature", "geometry": {"type": "LineString", "coordinates": [[-2.0869052, 49.1813984], [-2.0862779, 49.1816634], [-2.0859486, 49.1818104], [-2.0856952, 49.1819137], [-2.0855389, 49.1819712], [-2.084583, 49.1822843], [-2.0845042, 49.1823102], [-2.0842496, 49.1823952], [-2.084138, 49.1824329], [-2.0836327, 49.1825977], [-2.083355, 49.18269], [-2.0828356, 49.1828617], [-2.0820956, 49.1830544], [-2.0817866, 49.1831355], [-2.0815184, 49.1832041], [-2.0812619, 49.1832697], [-2.0806463, 49.183418], [-2.0804727, 49.1834444], [-2.0801682, 49.1834815], [-2.0798256, 49.1835143], [-2.0794145, 49.1835599]]}, "properties": {"way_id": 170929099, "name": "Longueville Road"}}, {"type": "Feature", "geometry": {"type": "LineString", "coordinates": [[-2.0906879, 49.1794803], [-2.0897715, 49.1799621], [-2.0886188, 49.180562], [-2.0880419, 49.1808869], [-2.0877029, 49.1810871], [-2.087525, 49.1811654], [-2.0872057, 49.1812825], [-2.0869052, 49.1813984]]}, "properties": {"way_id": 170929106, "name": "Bagot Road"}}, {"type": "Feature", "geometry": {"type": "LineString", "coordinates": [[-2.1145551, 49.1860712], [-2.1146706, 49.1861842], [-2.114761, 49.186262], [-2.1149081, 49.1863696], [-2.1151359, 49.1865104], [-2.1157114, 49.1868424]]}, "properties": {"way_id": 171027482, "name": "Esplanade"}}, {"type": "Feature", "geometry": {"type": "LineString", "coordinates": [[-2.1078003, 49.1828215], [-2.1078917, 49.1827866], [-2.1083706, 49.1826241]]}, "properties": {"way_id": 171027941, "name": "Weighbridge Place"}}, {"type": "Feature", "geometry": {"type": "LineString", "coordinates": [[-2.1000234, 49.1838849], [-2.100074, 49.1838261], [-2.1000962, 49.1837708], [-2.1001904, 49.1833806], [-2.1002637, 49.1831615], [-2.1003301, 49.1829883], [-2.1004913, 49.1825877]]}, "properties": {"way_id": 171043396, "name": "St. James' Street"}}, {"type": "Feature", "geometry": {"type": "LineString", "coordinates": [[-2.1130838, 49.1893095], [-2.1130036, 49.1892841], [-2.1126178, 49.1889202], [-2.1122075, 49.1886523], [-2.1121605, 49.1886205]]}, "properties": {"way_id": 171044735, "name": "Cheapside"}}, {"type": "Feature", "geometry": {"type": "LineString", "coordinates": [[-2.1120298, 49.188622], [-2.1116369, 49.1889123], [-2.1112589, 49.1892034], [-2.1106678, 49.189642]]}, "properties": {"way_id": 171044736, "name": "Elizabeth Place"}}, {"type": "Feature", "geometry": {"type": "LineString", "coordinates": [[-2.1106678, 49.189642], [-2.1101375, 49.1899972], [-2.1099249, 49.1901757], [-2.1098914, 49.1902038], [-2.1097314, 49.1903914], [-2.109657, 49.1904974], [-2.109583, 49.1906456]]}, "properties": {"way_id": 171199512, "name": "Rouge Bouillon"}}, {"type": "Feature", "geometry": {"type": "LineString", "coordinates": [[-2.0992046, 49.1999816], [-2.099223, 49.2001549], [-2.0992366, 49.2002822], [-2.0993343, 49.201233], [-2.0994256, 49.2021401], [-2.0994459, 49.2024876], [-2.0994457, 49.2024941], [-2.099423, 49.2031205], [-2.0994073, 49.204002], [-2.0993703, 49.2042462], [-2.099315, 49.204414], [-2.0992224, 49.2045817], [-2.0991182, 49.2047307], [-2.0990195, 49.2048356], [-2.0984656, 49.2052912], [-2.0983477, 49.2053956], [-2.0982487, 49.2055173], [-2.0981998, 49.2055886], [-2.0981607, 49.2056775], [-2.0980652, 49.2059971], [-2.0980597, 49.2060348], [-2.0980575, 49.206054], [-2.0980229, 49.2063601], [-2.0979778, 49.2065963], [-2.0978031, 49.2069374], [-2.0977058, 49.207164], [-2.0976727, 49.207385], [-2.0976709, 49.207648], [-2.0977581, 49.207987], [-2.0977855, 49.2080989], [-2.0977916, 49.208215], [-2.0978013, 49.2085633], [-2.0977645, 49.2088336], [-2.0976605, 49.2092751], [-2.097598, 49.2094137], [-2.0975444, 49.209528], [-2.0973978, 49.209774]]}, "properties": {"way_id": 171216696, "name": "Route de la Trinit\u00e9"}}, {"type": "Feature", "geometry": {"type": "LineString", "coordinates": [[-2.1001723, 49.1943366], [-2.09988, 49.1943723], [-2.0994729, 49.1943785], [-2.0992443, 49.194382], [-2.0985561, 49.1944083]]}, "properties": {"way_id": 171886964, "name": "Les Vaux New Rd"}}, {"type": "Feature", "geometry": {"type": "LineString", "coordinates": [[-2.100653, 49.1939945], [-2.1007148, 49.1940685], [-2.1008896, 49.1942309], [-2.1011536, 49.1944899], [-2.1012492, 49.19457], [-2.1013882, 49.1946864], [-2.1014759, 49.1947836], [-2.1014909, 49.1948745]]}, "properties": {"way_id": 171886965, "name": "Trinity Hill"}}, {"type": "Feature", "geometry": {"type": "LineString", "coordinates": [[-2.1387172, 49.245612], [-2.1384724, 49.2455483], [-2.1380238, 49.2453357], [-2.1378135, 49.2452765], [-2.1376129, 49.24522], [-2.1373204, 49.2451614]]}, "properties": {"way_id": 171887785, "name": "Rue de la Mare Ballam"}}, {"type": "Feature", "geometry": {"type": "LineString", "coordinates": [[-2.1923967, 49.18482], [-2.1922258, 49.1847956], [-2.1921986, 49.1847917], [-2.1905935, 49.1845661], [-2.1903328, 49.1845383], [-2.190048, 49.1845284], [-2.1891438, 49.1845857], [-2.1885556, 49.1846155], [-2.1884322, 49.1846218], [-2.1883575, 49.1846262], [-2.1883037, 49.1846294], [-2.1878747, 49.1846546], [-2.1877312, 49.1846631], [-2.1875179, 49.1846818], [-2.1874113, 49.1846911], [-2.1872566, 49.1847115], [-2.1869802, 49.184748], [-2.1864138, 49.1848702]]}, "properties": {"way_id": 171887949, "name": "Mont Sohier"}}, {"type": "Feature", "geometry": {"type": "LineString", "coordinates": [[-2.2031745, 49.1849752], [-2.2025442, 49.1849663], [-2.2024539, 49.1849737], [-2.2022164, 49.1849933], [-2.201807, 49.1850655], [-2.20083, 49.1852902], [-2.1996733, 49.1855455], [-2.1994746, 49.1855874], [-2.1991574, 49.1856461], [-2.198993, 49.1856697]]}, "properties": {"way_id": 171888234, "name": "Route de la Baie"}}, {"type": "Feature", "geometry": {"type": "LineString", "coordinates": [[-2.1832559, 49.1846336], [-2.1834579, 49.1847138], [-2.1841583, 49.1853217]]}, "properties": {"way_id": 171888553, "name": "Route des Genets"}}, {"type": "Feature", "geometry": {"type": "LineString", "coordinates": [[-2.1800928, 49.1888749], [-2.1800072, 49.1887905], [-2.1799674, 49.1887485], [-2.1799147, 49.1886953], [-2.1798243, 49.1886249], [-2.1791117, 49.1880707], [-2.1788173, 49.1878148], [-2.1787692, 49.1877676], [-2.1787539, 49.1876673], [-2.1787465, 49.1875104], [-2.1787413, 49.1874001], [-2.178757, 49.1870953], [-2.1787182, 49.1869499], [-2.1786283, 49.1868074], [-2.1784762, 49.1866664], [-2.1783256, 49.1865757], [-2.1775691, 49.1862613], [-2.1774235, 49.1861527], [-2.1773912, 49.1860667], [-2.1774105, 49.1859536], [-2.1776401, 49.1855245], [-2.1777506, 49.1853245], [-2.1779758, 49.1848746], [-2.1780492, 49.1847404], [-2.1784042, 49.1843127], [-2.1785782, 49.1842598], [-2.1791912, 49.1841959]]}, "properties": {"way_id": 171888554, "name": "Grande Route de St Brelade"}}, {"type": "Feature", "geometry": {"type": "LineString", "coordinates": [[-2.1712222, 49.1877013], [-2.1716805, 49.1878839], [-2.1718517, 49.1879205], [-2.1719805, 49.1879238], [-2.173069, 49.1878642]]}, "properties": {"way_id": 171889304, "name": "Mont les Vaux"}}, {"type": "Feature", "geometry": {"type": "LineString", "coordinates": [[-2.092423, 49.2335627], [-2.0922394, 49.2335634], [-2.0921007, 49.2335501], [-2.0917568, 49.2334785], [-2.0917039, 49.2334662], [-2.090947, 49.2332903]]}, "properties": {"way_id": 172154810, "name": "Rue \u00e8s Picots"}}, {"type": "Feature", "geometry": {"type": "LineString", "coordinates": [[-2.0936021, 49.2367883], [-2.0935003, 49.2366976], [-2.0932981, 49.2365175], [-2.0926398, 49.2358179], [-2.092526, 49.2357417], [-2.0924299, 49.235702]]}, "properties": {"way_id": 172154817, "name": "Rue des Croix"}}, {"type": "Feature", "geometry": {"type": "LineString", "coordinates": [[-2.2406766, 49.2506921], [-2.2404683, 49.2507651], [-2.2403632, 49.2508225], [-2.2403, 49.2508744], [-2.2400672, 49.2512229], [-2.2398489, 49.2516423], [-2.2393957, 49.2525733], [-2.2391995, 49.2529753], [-2.2391805, 49.2530205], [-2.2391394, 49.253046], [-2.2391048, 49.2530608], [-2.23905, 49.2530668]]}, "properties": {"way_id": 172568557, "name": "Route de Grosnez"}}, {"type": "Feature", "geometry": {"type": "LineString", "coordinates": [[-2.0536661, 49.2376713], [-2.0533839, 49.2375957], [-2.0521328, 49.2371724], [-2.0519912, 49.2370773], [-2.0518706, 49.236912], [-2.0517286, 49.2367092], [-2.0516158, 49.2366169], [-2.051492, 49.2365682], [-2.0513036, 49.2365259], [-2.0502178, 49.2363335], [-2.0497166, 49.2362367], [-2.0496196, 49.2362233], [-2.0494783, 49.2362256], [-2.0490682, 49.2362646], [-2.0484442, 49.2363632], [-2.0481967, 49.2364135], [-2.0475214, 49.2365821], [-2.0473602, 49.236606], [-2.0473059, 49.2366056]]}, "properties": {"way_id": 172810616, "name": "Mont de Rozel"}}, {"type": "Feature", "geometry": {"type": "LineString", "coordinates": [[-2.0299118, 49.1970343], [-2.0304014, 49.1968147], [-2.0306424, 49.1967172], [-2.0307545, 49.1966491], [-2.031014, 49.1964472], [-2.0310187, 49.1964426], [-2.0311134, 49.1963546], [-2.0312579, 49.1962273], [-2.0317894, 49.1958843], [-2.0323981, 49.1955178], [-2.0326456, 49.1953543], [-2.0327423, 49.1952901], [-2.0332648, 49.1949306]]}, "properties": {"way_id": 172899765, "name": "Rue a Don"}}, {"type": "Feature", "geometry": {"type": "LineString", "coordinates": [[-2.1154544, 49.2037209], [-2.1154833, 49.203199], [-2.1155438, 49.2025139], [-2.1155619, 49.2024181], [-2.1155862, 49.2022899], [-2.1156686, 49.2014258], [-2.1156951, 49.2008632], [-2.1154757, 49.1997603], [-2.1154671, 49.199717], [-2.1154293, 49.1994769], [-2.1152777, 49.1992348], [-2.1148723, 49.1988117], [-2.1147812, 49.1987167]]}, "properties": {"way_id": 172900249, "name": "Grande Route du Mont \u00e0 l'Abb\u00e9"}}, {"type": "Feature", "geometry": {"type": "LineString", "coordinates": [[-2.1055482, 49.1878007], [-2.1056086, 49.1876989], [-2.1056124, 49.1876903], [-2.1056263, 49.1876586], [-2.1056295, 49.187592], [-2.1056453, 49.1872508], [-2.1056507, 49.1871603], [-2.105794, 49.1867934], [-2.10609, 49.1861382]]}, "properties": {"way_id": 173620300, "name": "New Street"}}, {"type": "Feature", "geometry": {"type": "LineString", "coordinates": [[-2.2378653, 49.1813515], [-2.2378944, 49.1813926], [-2.2380526, 49.1814929]]}, "properties": {"way_id": 174080916, "name": ""}}, {"type": "Feature", "geometry": {"type": "LineString", "coordinates": [[-2.1037294, 49.1801343], [-2.1037131, 49.1802097], [-2.1037189, 49.1802383], [-2.1037332, 49.1803089], [-2.1037495, 49.1803495], [-2.1037658, 49.1803901]]}, "properties": {"way_id": 177479019, "name": "Rue de la Chapelle"}}, {"type": "Feature", "geometry": {"type": "LineString", "coordinates": [[-2.134905, 49.2445117], [-2.1346411, 49.2447352], [-2.1345522, 49.2447954], [-2.134436, 49.2448742], [-2.1342849, 49.2449779], [-2.1340036, 49.245171]]}, "properties": {"way_id": 177639196, "name": "Route de Mont Mado"}}, {"type": "Feature", "geometry": {"type": "LineString", "coordinates": [[-2.1859874, 49.2331797], [-2.1857505, 49.2331989], [-2.1846469, 49.2333404], [-2.1843774, 49.233355], [-2.1840107, 49.2333748], [-2.1832543, 49.2333764], [-2.1830991, 49.2333772], [-2.1825083, 49.2333802], [-2.1813521, 49.2334021]]}, "properties": {"way_id": 177645056, "name": "Les Chenolles"}}, {"type": "Feature", "geometry": {"type": "LineString", "coordinates": [[-2.0916383, 49.1877571], [-2.0911318, 49.1880005], [-2.090555, 49.1882909], [-2.0901547, 49.1884782], [-2.0900359, 49.1885424], [-2.0897935, 49.1887005], [-2.0894343, 49.1889645], [-2.0892255, 49.189118], [-2.0887791, 49.1894461], [-2.0886118, 49.1895664], [-2.0882782, 49.1898272], [-2.0880217, 49.1900654], [-2.0879448, 49.1901313], [-2.0873429, 49.1906906], [-2.0871228, 49.190895], [-2.0870299, 49.1909837], [-2.0865979, 49.1913458], [-2.0862671, 49.1916191], [-2.0861005, 49.1917696], [-2.0859453, 49.1919433], [-2.0855497, 49.1924742], [-2.0853292, 49.1927553], [-2.085255, 49.1928214], [-2.0850428, 49.1929946], [-2.084511, 49.1934175], [-2.0843826, 49.1935318], [-2.0841063, 49.1937822], [-2.0839936, 49.1938946], [-2.0837746, 49.1940864], [-2.0832883, 49.1944475], [-2.0830802, 49.1946043], [-2.0829316, 49.1947417], [-2.0828443, 49.194858], [-2.0827656, 49.1950043], [-2.0827239, 49.1952061], [-2.0827146, 49.1954456], [-2.0827133, 49.1954784], [-2.0826716, 49.1958771], [-2.0826482, 49.1959727], [-2.0826261, 49.1960634], [-2.0826191, 49.1960919], [-2.0825752, 49.1962826], [-2.0825396, 49.1964317], [-2.0823735, 49.1967118], [-2.0822741, 49.1968536], [-2.0821743, 49.1970097], [-2.0819317, 49.1973309], [-2.0818316, 49.1974546], [-2.0817242, 49.1975741], [-2.0815141, 49.1977894], [-2.0813412, 49.197967], [-2.081261, 49.1980577], [-2.0811025, 49.1982091]]}, "properties": {"way_id": 178292038, "name": "Bagatelle Road"}}, {"type": "Feature", "geometry": {"type": "LineString", "coordinates": [[-2.1019065, 49.1815252], [-2.1019935, 49.181458], [-2.1021469, 49.1813724]]}, "properties": {"way_id": 178311336, "name": "Green Street"}}, {"type": "Feature", "geometry": {"type": "LineString", "coordinates": [[-2.2007315, 49.1905171], [-2.2004468, 49.1905724], [-2.200338, 49.1906135], [-2.200312, 49.1906233], [-2.2001993, 49.1906794], [-2.2001281, 49.1907248]]}, "properties": {"way_id": 178489187, "name": "Route Orange"}}, {"type": "Feature", "geometry": {"type": "LineString", "coordinates": [[-2.1089159, 49.1829605], [-2.1089932, 49.1830019], [-2.109316, 49.1832125], [-2.1094061, 49.183266]]}, "properties": {"way_id": 179245904, "name": "Esplanade"}}, {"type": "Feature", "geometry": {"type": "LineString", "coordinates": [[-2.0982687, 49.1882584], [-2.0982816, 49.1882903], [-2.0982839, 49.1883243], [-2.0982759, 49.1883966], [-2.0982051, 49.1887612], [-2.0981951, 49.188838], [-2.0982014, 49.1889694], [-2.0982246, 49.1891143], [-2.0982674, 49.1892503], [-2.0983169, 49.1894253], [-2.0983252, 49.1894546], [-2.0983447, 49.189655], [-2.0983449, 49.1896893]]}, "properties": {"way_id": 182661389, "name": "La Rue Le Masurier"}}, {"type": "Feature", "geometry": {"type": "LineString", "coordinates": [[-2.1695233, 49.188668], [-2.1697728, 49.1883152], [-2.1698712, 49.1881691], [-2.1699593, 49.1880314], [-2.1700037, 49.1879655], [-2.1701483, 49.1877509], [-2.1702584, 49.18751], [-2.1702985, 49.1874542]]}, "properties": {"way_id": 184282193, "name": "La Neuve Route"}}, {"type": "Feature", "geometry": {"type": "LineString", "coordinates": [[-2.1706386, 49.1874303], [-2.1708805, 49.1875713], [-2.1712222, 49.1877013]]}, "properties": {"way_id": 184282194, "name": "Charing Cross"}}, {"type": "Feature", "geometry": {"type": "LineString", "coordinates": [[-2.1096121, 49.1946492], [-2.1095642, 49.1945847], [-2.1095385, 49.1945501], [-2.1094291, 49.194403], [-2.1091926, 49.1940698], [-2.1091246, 49.1939633], [-2.1089676, 49.1936732], [-2.108896, 49.1935235], [-2.1087586, 49.1931322], [-2.1086699, 49.1929083], [-2.1086059, 49.1927899], [-2.1085973, 49.1927739]]}, "properties": {"way_id": 185756554, "name": "Queen's Road"}}, {"type": "Feature", "geometry": {"type": "LineString", "coordinates": [[-2.1954097, 49.2334732], [-2.1952846, 49.2335151], [-2.1951125, 49.2335727], [-2.1950653, 49.2335932], [-2.1949344, 49.2336501], [-2.1930181, 49.2344824], [-2.1923096, 49.2345774], [-2.1913329, 49.2346749], [-2.1901153, 49.2347989], [-2.1900179, 49.2348168], [-2.1896391, 49.2348867], [-2.1893935, 49.2349381], [-2.1892405, 49.2349445], [-2.1889483, 49.2349567], [-2.1887981, 49.2349458], [-2.1884694, 49.2348905], [-2.1881777, 49.2348331], [-2.1874549, 49.2346434], [-2.1871004, 49.2345399], [-2.1870033, 49.23449], [-2.1869186, 49.2344257], [-2.1868272, 49.2343149], [-2.1864986, 49.2338446]]}, "properties": {"way_id": 189224375, "name": "Chemin de l'\u00c9glise"}}, {"type": "Feature", "geometry": {"type": "LineString", "coordinates": [[-2.2276486, 49.2445579], [-2.2271531, 49.244384], [-2.2267175, 49.2441967], [-2.2265833, 49.244139], [-2.2264902, 49.2441129], [-2.2263511, 49.2440751], [-2.2250869, 49.2438383], [-2.2247257, 49.2437706], [-2.2232834, 49.2434712], [-2.2231858, 49.2434364], [-2.2228803, 49.2432665], [-2.2225043, 49.2429923], [-2.222389, 49.2429082], [-2.2220633, 49.2426936], [-2.2217289, 49.2424376], [-2.2215273, 49.242265], [-2.2212256, 49.2419072], [-2.220803, 49.2413503], [-2.2205972, 49.2411401], [-2.2203551, 49.2409121], [-2.2201499, 49.2407555], [-2.2196666, 49.2404628]]}, "properties": {"way_id": 206087024, "name": "Route de Millais"}}, {"type": "Feature", "geometry": {"type": "LineString", "coordinates": [[-2.110615, 49.183973], [-2.1106425, 49.1839327], [-2.1106841, 49.1838646], [-2.1106829, 49.1837349], [-2.1106319, 49.1836595], [-2.1105407, 49.1836052], [-2.1102242, 49.1834369]]}, "properties": {"way_id": 213466875, "name": ""}}, {"type": "Feature", "geometry": {"type": "LineString", "coordinates": [[-2.0975119, 49.1774354], [-2.0976456, 49.1774359], [-2.0976751, 49.1774359], [-2.097993, 49.1774307], [-2.0982181, 49.1774271], [-2.0983537, 49.1774249], [-2.0984198, 49.1774238], [-2.0984772, 49.1774213], [-2.0990434, 49.1773962], [-2.099088, 49.1773942], [-2.0993387, 49.1773718], [-2.0994091, 49.1773655], [-2.0996741, 49.1773419], [-2.1004122, 49.1772787], [-2.1004759, 49.177282], [-2.1006767, 49.1772642], [-2.1011672, 49.1772208], [-2.1015318, 49.1771833], [-2.1017976, 49.1771129]]}, "properties": {"way_id": 216483517, "name": "Havre des Pas"}}, {"type": "Feature", "geometry": {"type": "LineString", "coordinates": [[-2.0975119, 49.1774354], [-2.097489, 49.1773832], [-2.0974837, 49.1773711], [-2.0974633, 49.1773189], [-2.0974471, 49.1772776], [-2.0974021, 49.1771958], [-2.0973753, 49.1771589], [-2.0973194, 49.1771149]]}, "properties": {"way_id": 216483520, "name": "St. Clement's Road"}}, {"type": "Feature", "geometry": {"type": "LineString", "coordinates": [[-2.1018719, 49.1829177], [-2.1020803, 49.183063], [-2.1022538, 49.1831698], [-2.1026535, 49.1833656], [-2.1029808, 49.1835099], [-2.1030263, 49.183528]]}, "properties": {"way_id": 227193910, "name": "La Colomberie"}}, {"type": "Feature", "geometry": {"type": "LineString", "coordinates": [[-2.1007932, 49.1924126], [-2.1007403, 49.192393], [-2.0997674, 49.1920331]]}, "properties": {"way_id": 239219595, "name": "Springfield Road"}}, {"type": "Feature", "geometry": {"type": "LineString", "coordinates": [[-2.1142705, 49.2204618], [-2.1143699, 49.2201105], [-2.1143955, 49.2200203], [-2.1144801, 49.219693], [-2.1145493, 49.2194576], [-2.1145711, 49.2193684], [-2.1146459, 49.2190621], [-2.1146693, 49.2189014], [-2.1146688, 49.2187564], [-2.1146295, 49.2185418], [-2.1146076, 49.218475], [-2.1145431, 49.218278], [-2.1145301, 49.2182384], [-2.1143911, 49.2176837], [-2.1143233, 49.2174131], [-2.1142765, 49.2172074], [-2.1142475, 49.2170799], [-2.1142062, 49.2168982], [-2.1141685, 49.2167418], [-2.114048, 49.2164438], [-2.1139928, 49.2163361], [-2.1138944, 49.2161755], [-2.1136936, 49.2158615], [-2.1136181, 49.2156539], [-2.1134533, 49.2152003], [-2.1133952, 49.2150405], [-2.1132915, 49.2146983]]}, "properties": {"way_id": 239221376, "name": "Grande Route de St. Jean"}}, {"type": "Feature", "geometry": {"type": "LineString", "coordinates": [[-2.1019065, 49.1815252], [-2.1019737, 49.1815252], [-2.1020007, 49.18153], [-2.1020276, 49.1815349], [-2.1020441, 49.1815461], [-2.1020726, 49.1815655]]}, "properties": {"way_id": 251601312, "name": "Grenville Street"}}, {"type": "Feature", "geometry": {"type": "LineString", "coordinates": [[-2.2338259, 49.1839202], [-2.2335595, 49.1839083], [-2.2334216, 49.1839115], [-2.2333324, 49.1839281], [-2.233244, 49.1839532], [-2.2328464, 49.1840891], [-2.2325294, 49.1841738], [-2.2322606, 49.1842325], [-2.230293, 49.1844916], [-2.2301721, 49.1845215], [-2.2298406, 49.1846262], [-2.2297003, 49.1846409], [-2.2295697, 49.1846249], [-2.2285003, 49.18432], [-2.2279263, 49.1841743]]}, "properties": {"way_id": 256199481, "name": "Mont du Petit Port"}}, {"type": "Feature", "geometry": {"type": "LineString", "coordinates": [[-2.2279263, 49.1841743], [-2.2276909, 49.1841278], [-2.2272364, 49.18403], [-2.2269914, 49.1839897], [-2.226608, 49.1839348], [-2.2265817, 49.183931], [-2.2262059, 49.1838893], [-2.225597, 49.1838488], [-2.2249428, 49.1838167], [-2.2249259, 49.1838161], [-2.2238901, 49.18378], [-2.2238126, 49.1837773], [-2.2235418, 49.1837679], [-2.2228775, 49.1837455], [-2.2226269, 49.1837466], [-2.2223715, 49.1837612], [-2.2221536, 49.1837787], [-2.2218289, 49.1838201], [-2.221582, 49.1838708], [-2.2206511, 49.1841054], [-2.2203582, 49.1841534], [-2.2198988, 49.1842169]]}, "properties": {"way_id": 256199482, "name": "Route du Petit Port"}}, {"type": "Feature", "geometry": {"type": "LineString", "coordinates": [[-2.039888, 49.2331535], [-2.0403351, 49.2330227], [-2.0406529, 49.2329323], [-2.0409718, 49.2328328], [-2.04118, 49.2327002], [-2.0413591, 49.2326295], [-2.043047, 49.2323101], [-2.0432085, 49.2322795], [-2.0439589, 49.232138], [-2.0441464, 49.2320784], [-2.0442243, 49.2320416], [-2.0442483, 49.2319966], [-2.0442569, 49.2319223], [-2.0442229, 49.231639], [-2.0442049, 49.2313981], [-2.0442065, 49.2311901], [-2.0442477, 49.2304765], [-2.0442346, 49.2300769]]}, "properties": {"way_id": 256592194, "name": "Grande Route de Rozel"}}, {"type": "Feature", "geometry": {"type": "LineString", "coordinates": [[-2.1964374, 49.2004381], [-2.1967691, 49.1999903], [-2.1968938, 49.1997748], [-2.1970175, 49.1994914], [-2.1971234, 49.1991931], [-2.197176, 49.1990383], [-2.1973014, 49.198693], [-2.1974387, 49.1982824], [-2.1976014, 49.1978515], [-2.1977039, 49.1975801], [-2.1977228, 49.1975299], [-2.1978378, 49.1972052], [-2.1978787, 49.1970853], [-2.1980232, 49.1966083], [-2.1981385, 49.1963199], [-2.1982346, 49.1960635], [-2.1982374, 49.1960559], [-2.1984704, 49.1954339], [-2.1984737, 49.195425], [-2.1985961, 49.1950982], [-2.1987945, 49.1945146], [-2.1989384, 49.1940914], [-2.1989567, 49.1940426]]}, "properties": {"way_id": 263090891, "name": "Route des Quennevais"}}, {"type": "Feature", "geometry": {"type": "LineString", "coordinates": [[-2.0533779, 49.2165773], [-2.0535447, 49.2163899], [-2.0537256, 49.2161819], [-2.0538743, 49.2160144], [-2.0538961, 49.2159899]]}, "properties": {"way_id": 297969828, "name": "Grande Route de St. Martin"}}, {"type": "Feature", "geometry": {"type": "LineString", "coordinates": [[-2.0222866, 49.2069073], [-2.0224452, 49.2068051], [-2.0225531, 49.2067303], [-2.0225991, 49.2066952], [-2.0226415, 49.206649], [-2.0226765, 49.2065996], [-2.0227235, 49.2065071], [-2.0227513, 49.2064305], [-2.0227741, 49.2063424], [-2.0227851, 49.2062582], [-2.022791, 49.2061221], [-2.0227822, 49.2058312], [-2.0227396, 49.2056023], [-2.0226479, 49.2052693], [-2.0226161, 49.2051406], [-2.0225523, 49.2048767], [-2.0224792, 49.2046568], [-2.0224376, 49.2045345], [-2.0222254, 49.2040335], [-2.0221489, 49.2039226], [-2.0220966, 49.2038673], [-2.0220383, 49.2038121], [-2.0219669, 49.2037544], [-2.0218966, 49.2037019], [-2.0218179, 49.2036522], [-2.0215752, 49.2035369], [-2.0214336, 49.2034698], [-2.0213229, 49.2034213]]}, "properties": {"way_id": 299071127, "name": "La Route d'Anne Port"}}, {"type": "Feature", "geometry": {"type": "LineString", "coordinates": [[-2.028047, 49.2140887], [-2.0279914, 49.2140402], [-2.0278141, 49.2138857], [-2.0276438, 49.2136925], [-2.0275641, 49.2135346], [-2.0275144, 49.213348], [-2.0274761, 49.21314], [-2.0274257, 49.2126501], [-2.0273879, 49.2125273], [-2.0273399, 49.2124275], [-2.0272655, 49.2123185], [-2.0271467, 49.2122125]]}, "properties": {"way_id": 299257942, "name": "La Grande Route de Ste Catherine"}}, {"type": "Feature", "geometry": {"type": "LineString", "coordinates": [[-2.1169822, 49.1878581], [-2.1171771, 49.1880818]]}, "properties": {"way_id": 299805730, "name": ""}}, {"type": "Feature", "geometry": {"type": "LineString", "coordinates": [[-2.1170092, 49.1877382], [-2.1168477, 49.1876377]]}, "properties": {"way_id": 299805733, "name": "Victoria Avenue"}}, {"type": "Feature", "geometry": {"type": "LineString", "coordinates": [[-2.1175159, 49.2393424], [-2.1174231, 49.2393035], [-2.1173416, 49.2392847], [-2.1172356, 49.2392717], [-2.1167649, 49.2392613], [-2.1161698, 49.239238], [-2.1158853, 49.2392268], [-2.1158076, 49.2392238], [-2.1156557, 49.2392179], [-2.1149801, 49.2391914], [-2.11458, 49.2391914], [-2.1142496, 49.2392088], [-2.1142272, 49.23921], [-2.1138271, 49.2392842], [-2.1136965, 49.2393163], [-2.1134443, 49.2393783], [-2.1131005, 49.2394225], [-2.1129257, 49.2394296], [-2.1128518, 49.2394325], [-2.1126133, 49.2394422], [-2.112281, 49.2394556], [-2.1121454, 49.2394611], [-2.1121051, 49.2394627], [-2.1120422, 49.2394646], [-2.1116506, 49.2394763], [-2.1115803, 49.2394784], [-2.1114225, 49.2394831]]}, "properties": {"way_id": 332677852, "name": "Rue Militaire"}}, {"type": "Feature", "geometry": {"type": "LineString", "coordinates": [[-2.134905, 49.2445117], [-2.133713, 49.2441571], [-2.1334429, 49.2441111], [-2.1328527, 49.2441017], [-2.1327957, 49.2440984], [-2.1323206, 49.2440712], [-2.1315373, 49.2440263], [-2.1314896, 49.2440238]]}, "properties": {"way_id": 332677853, "name": "Route des Issues"}}, {"type": "Feature", "geometry": {"type": "LineString", "coordinates": [[-2.1389606, 49.2463434], [-2.1390588, 49.2463882], [-2.139201, 49.246453]]}, "properties": {"way_id": 332925292, "name": "Temple Court"}}, {"type": "Feature", "geometry": {"type": "LineString", "coordinates": [[-2.1094061, 49.183266], [-2.110437, 49.1838689], [-2.110615, 49.183973]]}, "properties": {"way_id": 332925297, "name": "Esplanade"}}, {"type": "Feature", "geometry": {"type": "LineString", "coordinates": [[-2.1396806, 49.2457826], [-2.1395467, 49.2457589], [-2.1393739, 49.2457283], [-2.1389357, 49.2456507], [-2.1387172, 49.245612]]}, "properties": {"way_id": 332925703, "name": "Route de St Jean"}}, {"type": "Feature", "geometry": {"type": "LineString", "coordinates": [[-2.1031659, 49.1802215], [-2.1032065, 49.1802082], [-2.1032612, 49.1801996], [-2.1032965, 49.180199], [-2.1033315, 49.1802019], [-2.1033973, 49.1802185], [-2.1034518, 49.1802478], [-2.1034896, 49.1802867], [-2.1035069, 49.1803315], [-2.1035018, 49.1803775], [-2.1034749, 49.1804203], [-2.10345, 49.180442], [-2.1034289, 49.1804553], [-2.1033684, 49.1804791], [-2.103337, 49.1804857], [-2.1032937, 49.1804896], [-2.1032181, 49.1804829], [-2.1031786, 49.1804719], [-2.1031504, 49.1804599], [-2.1030985, 49.1804233], [-2.1030687, 49.1803776], [-2.1030642, 49.1803278], [-2.1030856, 49.18028], [-2.1031303, 49.1802399], [-2.1031659, 49.1802215]]}, "properties": {"way_id": 332928553, "name": "Green Street Roundabout"}}, {"type": "Feature", "geometry": {"type": "LineString", "coordinates": [[-2.1037658, 49.1803901], [-2.1038703, 49.180427], [-2.104279, 49.1805855]]}, "properties": {"way_id": 332928559, "name": "Route du Fort"}}, {"type": "Feature", "geometry": {"type": "LineString", "coordinates": [[-2.0882621, 49.1754735], [-2.0881125, 49.1757459], [-2.0879641, 49.1759962], [-2.0879351, 49.1760451], [-2.087692, 49.1764725], [-2.0876759, 49.1765375]]}, "properties": {"way_id": 332928560, "name": "Plat Douet Road"}}, {"type": "Feature", "geometry": {"type": "LineString", "coordinates": [[-2.034409, 49.1778994], [-2.0343439, 49.1778578], [-2.0343026, 49.1778315], [-2.0339318, 49.1776044], [-2.0338879, 49.1775768], [-2.0335338, 49.1773537], [-2.0333636, 49.1772225], [-2.0330303, 49.1769499], [-2.0329456, 49.1768833], [-2.0325704, 49.1765973], [-2.0324921, 49.1765376], [-2.0321746, 49.1762907], [-2.0319205, 49.1760213], [-2.031832, 49.1759285], [-2.0315928, 49.1756777], [-2.0314853, 49.1755513], [-2.031289, 49.1753205], [-2.0311844, 49.1751895], [-2.0310546, 49.1750046], [-2.0310077, 49.1749134], [-2.0309761, 49.1748188], [-2.0309629, 49.1747555], [-2.0309614, 49.1746861], [-2.0309945, 49.1745375], [-2.0311243, 49.1741266], [-2.0311512, 49.1740056], [-2.0311494, 49.1738805], [-2.0310377, 49.1733743], [-2.0310182, 49.1731184], [-2.031035, 49.1728937], [-2.031046, 49.172699], [-2.0310497, 49.172634], [-2.0310468, 49.1726097], [-2.0310115, 49.1723097], [-2.0309716, 49.1720626], [-2.0309617, 49.1720178], [-2.0309335, 49.1719211], [-2.0308902, 49.1717603], [-2.0307983, 49.1715066], [-2.0306543, 49.171264], [-2.0305131, 49.1710048], [-2.0303061, 49.1706247], [-2.0302845, 49.1705884], [-2.0301828, 49.1704177], [-2.0301367, 49.1702818], [-2.0301055, 49.1701901], [-2.0300759, 49.1700089], [-2.0300354, 49.1697877], [-2.0300233, 49.1697593], [-2.0299598, 49.1696105], [-2.0299151, 49.1695331], [-2.0298945, 49.1695082], [-2.0295117, 49.1690238], [-2.0293168, 49.1687404], [-2.0291921, 49.1684837], [-2.0291699, 49.1684155], [-2.0290725, 49.1681165], [-2.0290036, 49.1679049], [-2.0287953, 49.1671865], [-2.0287948, 49.1670811], [-2.0288102, 49.1670077], [-2.0290073, 49.1665885], [-2.0290376, 49.1665296], [-2.029082, 49.1664657], [-2.0291615, 49.1663648], [-2.029293, 49.1662417], [-2.0294375, 49.1661459], [-2.0295233, 49.1660971], [-2.0299254, 49.1659274], [-2.0304837, 49.1657097], [-2.0307811, 49.1656176], [-2.0309994, 49.1655603], [-2.0312455, 49.1655264], [-2.0314161, 49.1655225], [-2.0314947, 49.1655132], [-2.0316091, 49.1654924], [-2.0319264, 49.1653836], [-2.0325467, 49.1651459], [-2.0331573, 49.1649119], [-2.0334731, 49.1648165], [-2.033548, 49.1648059], [-2.0335745, 49.1648034], [-2.0337682, 49.1647849], [-2.0339484, 49.1647786], [-2.0341592, 49.1647896], [-2.0344929, 49.1648448], [-2.0347359, 49.1648957], [-2.0349592, 49.1649582], [-2.0351964, 49.1650438], [-2.035421, 49.1651504], [-2.0359006, 49.1653912], [-2.03628, 49.1656688], [-2.0365746, 49.1658844], [-2.0368371, 49.1660723], [-2.0369588, 49.1661394], [-2.0370726, 49.1661919], [-2.0371891, 49.1662396]]}, "properties": {"way_id": 332928561, "name": "Grande Route des Sablons"}}, {"type": "Feature", "geometry": {"type": "LineString", "coordinates": [[-2.0212653, 49.199929], [-2.0212597, 49.199912], [-2.0212631, 49.1998958], [-2.0212758, 49.1998805], [-2.0212886, 49.1998669], [-2.0213167, 49.1998568]]}, "properties": {"way_id": 332928562, "name": "Mont de Gouray"}}, {"type": "Feature", "geometry": {"type": "LineString", "coordinates": [[-2.0660845, 49.20821], [-2.0662662, 49.2081068], [-2.0668553, 49.2077723]]}, "properties": {"way_id": 332928564, "name": "Grande Route de St. Martin"}}, {"type": "Feature", "geometry": {"type": "LineString", "coordinates": [[-2.0653119, 49.2085767], [-2.0653495, 49.2085622], [-2.065505, 49.208502], [-2.0657072, 49.2084079], [-2.0660845, 49.20821]]}, "properties": {"way_id": 332928565, "name": "Grande Route de St. Martin"}}, {"type": "Feature", "geometry": {"type": "LineString", "coordinates": [[-2.0713909, 49.2289492], [-2.0711794, 49.2289011], [-2.0694793, 49.2285744], [-2.0693647, 49.2285315], [-2.0693248, 49.2284857], [-2.0693072, 49.2284398]]}, "properties": {"way_id": 332931787, "name": "La Profonde Rue"}}, {"type": "Feature", "geometry": {"type": "LineString", "coordinates": [[-2.0737653, 49.2297715], [-2.0736183, 49.2297149], [-2.0733524, 49.2296125]]}, "properties": {"way_id": 332931789, "name": "La Profonde Rue"}}, {"type": "Feature", "geometry": {"type": "LineString", "coordinates": [[-2.0733524, 49.2296125], [-2.0732705, 49.2295814], [-2.0730038, 49.22948], [-2.0723998, 49.2292683], [-2.0713909, 49.2289492]]}, "properties": {"way_id": 332931790, "name": "La Profonde Rue"}}, {"type": "Feature", "geometry": {"type": "LineString", "coordinates": [[-2.0733524, 49.2296125], [-2.0734001, 49.229535], [-2.0735069, 49.2293375], [-2.0735613, 49.2292422], [-2.0736242, 49.229245], [-2.0736618, 49.2292491], [-2.0737304, 49.2292567], [-2.0738795, 49.2292836], [-2.073825, 49.2294837], [-2.0738009, 49.2295773], [-2.0737806, 49.2296572], [-2.0737653, 49.2297715]]}, "properties": {"way_id": 332931791, "name": ""}}, {"type": "Feature", "geometry": {"type": "LineString", "coordinates": [[-2.0906154, 49.1779537], [-2.0904179, 49.1778171], [-2.0898883, 49.1775103], [-2.0898754, 49.1775028], [-2.0895743, 49.1773682], [-2.0893552, 49.1772943], [-2.0892715, 49.1772651], [-2.0888887, 49.1771317], [-2.0888121, 49.177105], [-2.0885292, 49.1770045], [-2.0881599, 49.1768724], [-2.0880356, 49.1768212], [-2.0878368, 49.1767392], [-2.0877668, 49.1766957], [-2.0877115, 49.1766602]]}, "properties": {"way_id": 332931792, "name": "Victoria Road"}}, {"type": "Feature", "geometry": {"type": "LineString", "coordinates": [[-2.0984833, 49.1792532], [-2.0986678, 49.1792617], [-2.0990764, 49.1792689], [-2.0991299, 49.1792692], [-2.0992103, 49.1792696]]}, "properties": {"way_id": 332931793, "name": "Route du Fort"}}, {"type": "Feature", "geometry": {"type": "LineString", "coordinates": [[-2.1126544, 49.183385], [-2.1126561, 49.1834484], [-2.1126293, 49.1835094], [-2.1125765, 49.1835625], [-2.1125022, 49.1836033], [-2.1124129, 49.1836281], [-2.1123316, 49.1836349], [-2.1122502, 49.1836284]]}, "properties": {"way_id": 332931794, "name": "Route de la Liberation"}}, {"type": "Feature", "geometry": {"type": "LineString", "coordinates": [[-2.1108479, 49.1841092], [-2.111059, 49.1842333], [-2.1111887, 49.1843095]]}, "properties": {"way_id": 332931795, "name": "Esplanade"}}, {"type": "Feature", "geometry": {"type": "LineString", "coordinates": [[-2.1173866, 49.1883077], [-2.1174269, 49.1883333]]}, "properties": {"way_id": 332936611, "name": ""}}, {"type": "Feature", "geometry": {"type": "LineString", "coordinates": [[-2.1172529, 49.1881634], [-2.1173031, 49.1882244]]}, "properties": {"way_id": 332936612, "name": ""}}, {"type": "Feature", "geometry": {"type": "LineString", "coordinates": [[-2.1616748, 49.2101253], [-2.1619595, 49.2097062], [-2.1620076, 49.2096042], [-2.162017, 49.2095424], [-2.1620036, 49.2094848], [-2.1619564, 49.2094233], [-2.1618466, 49.2093377], [-2.1614023, 49.2090348], [-2.1610311, 49.2087913], [-2.1608767, 49.20869]]}, "properties": {"way_id": 332936616, "name": "La Vall\u00e9e de St Pierre"}}, {"type": "Feature", "geometry": {"type": "LineString", "coordinates": [[-2.153211, 49.2092091], [-2.1533086, 49.2091956], [-2.1533783, 49.209143], [-2.1533783, 49.2090992], [-2.1532898, 49.2090501], [-2.1530537, 49.209017]]}, "properties": {"way_id": 332936617, "name": ""}}, {"type": "Feature", "geometry": {"type": "LineString", "coordinates": [[-2.1530537, 49.209017], [-2.153211, 49.2092091]]}, "properties": {"way_id": 332936619, "name": "Les Charri\u00e8res Malorey"}}, {"type": "Feature", "geometry": {"type": "LineString", "coordinates": [[-2.1771536, 49.2192955], [-2.1767257, 49.2193368], [-2.1762168, 49.219356], [-2.1753789, 49.2193427], [-2.1745978, 49.2192305]]}, "properties": {"way_id": 332936620, "name": "Le Mont des Routeurs"}}, {"type": "Feature", "geometry": {"type": "LineString", "coordinates": [[-2.1832471, 49.2197611], [-2.1824975, 49.2198444], [-2.1820508, 49.2198568], [-2.1816261, 49.2198417], [-2.1813859, 49.2198139], [-2.1807934, 49.2197068], [-2.1803698, 49.2196058], [-2.1792374, 49.2193356], [-2.1785478, 49.219164], [-2.1782294, 49.219114], [-2.1780054, 49.2191338], [-2.1771536, 49.2192955]]}, "properties": {"way_id": 332936621, "name": "Mont des Routeurs"}}, {"type": "Feature", "geometry": {"type": "LineString", "coordinates": [[-2.2020167, 49.2320474], [-2.2019212, 49.231914], [-2.2017161, 49.2316273], [-2.2012125, 49.2309235], [-2.2010886, 49.2307782]]}, "properties": {"way_id": 332936623, "name": "Grande Route de St Ouen"}}, {"type": "Feature", "geometry": {"type": "LineString", "coordinates": [[-2.2038156, 49.2353832], [-2.2038089, 49.2353489], [-2.2037412, 49.2350051], [-2.2036947, 49.2347655], [-2.20365, 49.2345945], [-2.2035518, 49.2343908], [-2.203473, 49.234281]]}, "properties": {"way_id": 332936624, "name": "Route de Vinchelez"}}, {"type": "Feature", "geometry": {"type": "LineString", "coordinates": [[-2.2268053, 49.2555701], [-2.2268896, 49.2556102], [-2.2269111, 49.2556732], [-2.2268923, 49.2557205], [-2.2268467, 49.2557607], [-2.2267197, 49.2557895]]}, "properties": {"way_id": 332936626, "name": ""}}, {"type": "Feature", "geometry": {"type": "LineString", "coordinates": [[-2.1683109, 49.237245], [-2.1682216, 49.2373314], [-2.167976, 49.2374872], [-2.1678635, 49.2375586], [-2.1677135, 49.2376537], [-2.1676549, 49.2376909], [-2.1675576, 49.2377527], [-2.1674065, 49.2378485], [-2.1672934, 49.2379203], [-2.167159, 49.2380055], [-2.1671149, 49.2380346], [-2.1667162, 49.2382957], [-2.1664644, 49.2384606], [-2.1663933, 49.2385101], [-2.1662407, 49.238611], [-2.1660027, 49.2387825], [-2.1651296, 49.2397401], [-2.1643754, 49.2404872], [-2.1642852, 49.2405998], [-2.1643237, 49.2410454], [-2.164361, 49.2412866], [-2.1644337, 49.2417565], [-2.1650297, 49.2430362], [-2.1654278, 49.2439405], [-2.1658823, 49.2452137], [-2.1658891, 49.2452327]]}, "properties": {"way_id": 332939581, "name": "Grande Rue"}}, {"type": "Feature", "geometry": {"type": "LineString", "coordinates": [[-2.1553804, 49.2416682], [-2.1551256, 49.2417561], [-2.1543814, 49.2420093], [-2.1535705, 49.2422677], [-2.1532308, 49.2423892], [-2.1531413, 49.2424247], [-2.1530754, 49.2424507], [-2.1529389, 49.2425006], [-2.1527143, 49.2425583], [-2.1521569, 49.2426395], [-2.1519294, 49.242677], [-2.1517755, 49.2427024], [-2.1517219, 49.2427112], [-2.1512766, 49.2428428], [-2.1508872, 49.2430581], [-2.1507965, 49.2431082], [-2.1501452, 49.2435777], [-2.1497506, 49.2438815], [-2.1496558, 49.2439545], [-2.1491959, 49.2441849], [-2.1490277, 49.2442426], [-2.1487953, 49.2443224], [-2.1477468, 49.2446136], [-2.1467632, 49.2450304], [-2.1462257, 49.245107], [-2.1460679, 49.2451296], [-2.1459498, 49.2451464], [-2.1445657, 49.2454599]]}, "properties": {"way_id": 332939582, "name": "Route de St Jean"}}, {"type": "Feature", "geometry": {"type": "LineString", "coordinates": [[-2.139416, 49.2463063], [-2.1395655, 49.2461125], [-2.1396264, 49.2459482], [-2.1396474, 49.2458842], [-2.1396806, 49.2457826]]}, "properties": {"way_id": 332939583, "name": "Route du Nord"}}, {"type": "Feature", "geometry": {"type": "LineString", "coordinates": [[-2.2380526, 49.1814929], [-2.2380935, 49.181504], [-2.2381338, 49.1815066], [-2.2381558, 49.1815021], [-2.2381867, 49.1814877], [-2.2382103, 49.1814701], [-2.2382565, 49.1814159], [-2.238289, 49.1813394], [-2.2382549, 49.1813028]]}, "properties": {"way_id": 332943576, "name": ""}}, {"type": "Feature", "geometry": {"type": "LineString", "coordinates": [[-2.2394972, 49.1811528], [-2.2395785, 49.1811428], [-2.2396144, 49.1811384], [-2.2400834, 49.1810808], [-2.2404926, 49.1810305], [-2.2406585, 49.1810415], [-2.2407425, 49.1811036]]}, "properties": {"way_id": 332943577, "name": "Rue de la Corbi\u00e8re"}}, {"type": "Feature", "geometry": {"type": "LineString", "coordinates": [[-2.2007315, 49.1905171], [-2.2011303, 49.1904745], [-2.2014744, 49.1904224], [-2.2016671, 49.1903933], [-2.2017388, 49.1903825]]}, "properties": {"way_id": 332943581, "name": "Route Orange"}}, {"type": "Feature", "geometry": {"type": "LineString", "coordinates": [[-2.0973978, 49.209774], [-2.0971736, 49.2101501], [-2.0971422, 49.2102524], [-2.0970454, 49.2108367], [-2.0970428, 49.2109109], [-2.0970493, 49.2111481], [-2.0970566, 49.2114923], [-2.0970583, 49.211749], [-2.0970593, 49.2118987], [-2.0970767, 49.2121218], [-2.0971816, 49.2125322], [-2.09719, 49.2127105], [-2.097158, 49.2128823], [-2.0970092, 49.2132279], [-2.0965831, 49.2140566], [-2.0962267, 49.2149694], [-2.0961132, 49.215329], [-2.0960566, 49.2155746], [-2.0960153, 49.216499], [-2.0960093, 49.2166343], [-2.0960015, 49.2169504], [-2.0958983, 49.2172818], [-2.0957949, 49.2174997], [-2.0957911, 49.2175077], [-2.095024, 49.2187297], [-2.0947834, 49.2190205], [-2.0942463, 49.2194482], [-2.0942099, 49.2196039], [-2.0941934, 49.2201244], [-2.0941852, 49.2201864], [-2.0941739, 49.2202711], [-2.0941155, 49.2207096], [-2.0941131, 49.2207894], [-2.0941605, 49.2208665], [-2.0945938, 49.2215531], [-2.0948572, 49.2222311], [-2.0948943, 49.2223266], [-2.0951172, 49.2226566], [-2.0952484, 49.2229921], [-2.0952599, 49.2230953], [-2.0952276, 49.2231883], [-2.0951976, 49.2232539], [-2.0950023, 49.2234442], [-2.0949067, 49.2235602], [-2.0947228, 49.2238155], [-2.0946399, 49.2238956], [-2.0945662, 49.2239695], [-2.0944899, 49.2240407], [-2.0943862, 49.2241001], [-2.0941962, 49.2242086], [-2.0940906, 49.2242859], [-2.0939801, 49.2243968], [-2.0938971, 49.2245071], [-2.0938515, 49.2246094], [-2.0938059, 49.2247639], [-2.0937201, 49.2251722], [-2.0936096, 49.2256685], [-2.0935931, 49.2257425], [-2.0935552, 49.2258454], [-2.0934797, 49.225972], [-2.0933828, 49.2261105], [-2.0933255, 49.2262222], [-2.0932968, 49.2263708], [-2.0933007, 49.2265373], [-2.0933157, 49.226695], [-2.0933824, 49.2268897], [-2.0934917, 49.2272098], [-2.0935374, 49.2274587], [-2.0935581, 49.2276845], [-2.0935612, 49.2279224], [-2.093553, 49.2281481], [-2.093535, 49.2283729], [-2.0935054, 49.2286429], [-2.0934691, 49.2288418], [-2.0934472, 49.2289615], [-2.0934174, 49.2292216], [-2.0934022, 49.2293785], [-2.0934695, 49.2300104], [-2.0935196, 49.2302768], [-2.0935221, 49.2303903], [-2.0935088, 49.2305927], [-2.0934254, 49.2312633], [-2.0934234, 49.2312832], [-2.0933786, 49.2318382], [-2.0933712, 49.2319298], [-2.0933446, 49.2322588], [-2.0932846, 49.2325054], [-2.0931435, 49.2328333], [-2.0928719, 49.2331537], [-2.0927146, 49.2333258]]}, "properties": {"way_id": 332950677, "name": "Route de la Trinit\u00e9"}}, {"type": "Feature", "geometry": {"type": "LineString", "coordinates": [[-2.0917181, 49.2026602], [-2.0917692, 49.2026334], [-2.0917904, 49.2025968], [-2.0918371, 49.2024783], [-2.0918204, 49.2023325], [-2.091794, 49.2022598], [-2.0916883, 49.2019681], [-2.0916447, 49.2018109], [-2.091645, 49.2017195], [-2.0916551, 49.2016938], [-2.0917004, 49.2016614], [-2.0917526, 49.2016241], [-2.0920389, 49.2014785], [-2.09225, 49.2014054], [-2.0925406, 49.2013436], [-2.0930774, 49.201305], [-2.0932393, 49.2012766], [-2.0937219, 49.2011129], [-2.0939687, 49.2010271], [-2.094528, 49.2008327], [-2.0945908, 49.2007897], [-2.0946417, 49.2007023], [-2.0947129, 49.2005706], [-2.0947633, 49.200455], [-2.0948241, 49.2003535], [-2.094908, 49.2002507], [-2.0949534, 49.2002169], [-2.0954274, 49.1999659], [-2.0959129, 49.1996891], [-2.0960126, 49.1996076], [-2.0960466, 49.1995405], [-2.0960193, 49.199487], [-2.095948, 49.1994343], [-2.0959137, 49.1994029], [-2.0958743, 49.1993669], [-2.0958395, 49.1992918], [-2.0958314, 49.1991894], [-2.0958978, 49.1990002], [-2.0960611, 49.1984953], [-2.0960946, 49.198359], [-2.0960908, 49.1983306], [-2.096058, 49.1982749], [-2.0959702, 49.1981958], [-2.0958129, 49.198126], [-2.0957064, 49.1980884], [-2.0955984, 49.1980211], [-2.0955781, 49.1979998], [-2.0955316, 49.197951]]}, "properties": {"way_id": 332950678, "name": "Grands Vaux"}}, {"type": "Feature", "geometry": {"type": "LineString", "coordinates": [[-2.1015391, 49.1926829], [-2.1010496, 49.1925066], [-2.1007932, 49.1924126]]}, "properties": {"way_id": 332950679, "name": "Springfield Road"}}, {"type": "Feature", "geometry": {"type": "LineString", "coordinates": [[-2.1916253, 49.2051556], [-2.1916689, 49.2050647], [-2.1917318, 49.2050087], [-2.1918759, 49.2049438], [-2.1919895, 49.2049233], [-2.192112, 49.2049266], [-2.1929702, 49.2050825]]}, "properties": {"way_id": 333037458, "name": "Airport Road"}}, {"type": "Feature", "geometry": {"type": "LineString", "coordinates": [[-2.1916253, 49.2051556], [-2.1915124, 49.2054229], [-2.1914803, 49.2054961], [-2.1914197, 49.205635], [-2.1913399, 49.2058179], [-2.191329, 49.2058331], [-2.1912688, 49.2059174], [-2.1911371, 49.2060055], [-2.1909283, 49.2061113], [-2.1907816, 49.2061804], [-2.1906442, 49.2062425], [-2.1904842, 49.2062979], [-2.1903577, 49.2063087], [-2.1902523, 49.2062888], [-2.1900538, 49.2062285]]}, "properties": {"way_id": 333037460, "name": "Airport Road"}}, {"type": "Feature", "geometry": {"type": "LineString", "coordinates": [[-2.1473726, 49.1981768], [-2.1473067, 49.1981447]]}, "properties": {"way_id": 333042040, "name": "La Vall\u00e9e de St Pierre"}}, {"type": "Feature", "geometry": {"type": "LineString", "coordinates": [[-2.1168477, 49.1876377], [-2.1167673, 49.1875957]]}, "properties": {"way_id": 333042041, "name": "Esplanade"}}, {"type": "Feature", "geometry": {"type": "LineString", "coordinates": [[-2.0830297, 49.1675603], [-2.0831087, 49.1676324], [-2.0835409, 49.1679559], [-2.0837035, 49.1681186], [-2.0839788, 49.1684405], [-2.084434, 49.1689715], [-2.0844503, 49.1689906], [-2.0845182, 49.1690675], [-2.0847309, 49.1693155], [-2.0849361, 49.1695549], [-2.0850519, 49.169678], [-2.0851987, 49.1698209], [-2.0855278, 49.1701414], [-2.0858316, 49.1704163], [-2.085885, 49.1704669], [-2.0861771, 49.1707189], [-2.0864593, 49.1709623], [-2.0865343, 49.171026], [-2.0868005, 49.171252], [-2.0874101, 49.1717696], [-2.0880026, 49.1722794], [-2.0881027, 49.1723656], [-2.0883112, 49.1725397], [-2.0884921, 49.1726939], [-2.0888693, 49.1730052], [-2.0889231, 49.1730584], [-2.08898, 49.1731372], [-2.0891118, 49.1733198], [-2.0892198, 49.1734786], [-2.0892772, 49.1735556]]}, "properties": {"way_id": 333079513, "name": "Grande Route de la C\u00f4te"}}, {"type": "Feature", "geometry": {"type": "LineString", "coordinates": [[-2.0289262, 49.197523], [-2.0299118, 49.1970343]]}, "properties": {"way_id": 359528691, "name": "Route de la C\u00f4te"}}, {"type": "Feature", "geometry": {"type": "LineString", "coordinates": [[-2.0212653, 49.199929], [-2.0209952, 49.1998791]]}, "properties": {"way_id": 359528693, "name": "Gorey Pier"}}, {"type": "Feature", "geometry": {"type": "LineString", "coordinates": [[-2.0210545, 49.2005201], [-2.0214172, 49.2004239], [-2.0221184, 49.2002273], [-2.0223857, 49.2001568], [-2.0229029, 49.2000286], [-2.0233664, 49.1998894], [-2.0235402, 49.1998174], [-2.0235838, 49.1997994], [-2.0236584, 49.1997582], [-2.023685, 49.1997034], [-2.0236852, 49.1996618]]}, "properties": {"way_id": 359528696, "name": "La Grande Route de Ste Catherine"}}, {"type": "Feature", "geometry": {"type": "LineString", "coordinates": [[-2.1019228, 49.1922896], [-2.1018862, 49.1923392], [-2.1016729, 49.1926282], [-2.1016124, 49.1927101]]}, "properties": {"way_id": 381583190, "name": "Val Plaisant"}}, {"type": "Feature", "geometry": {"type": "LineString", "coordinates": [[-2.2382549, 49.1813028], [-2.238936, 49.1812197]]}, "properties": {"way_id": 419000862, "name": "Rue de la Corbi\u00e8re"}}, {"type": "Feature", "geometry": {"type": "LineString", "coordinates": [[-2.1127622, 49.1836137], [-2.1122964, 49.1834408], [-2.1118519, 49.1832927]]}, "properties": {"way_id": 479323254, "name": "Route de la Liberation"}}, {"type": "Feature", "geometry": {"type": "LineString", "coordinates": [[-2.1118519, 49.1832927], [-2.1104341, 49.1828805]]}, "properties": {"way_id": 479323255, "name": "Route de la Liberation"}}, {"type": "Feature", "geometry": {"type": "LineString", "coordinates": [[-2.1087636, 49.192599], [-2.1087694, 49.1926446], [-2.1087531, 49.192689], [-2.1087161, 49.1927279], [-2.1086624, 49.1927572], [-2.1085973, 49.1927739], [-2.1085219, 49.192776], [-2.1084498, 49.1927613], [-2.1083896, 49.1927314], [-2.1083485, 49.1926901], [-2.1083312, 49.1926421], [-2.1083398, 49.192593], [-2.1083733, 49.1925488], [-2.1084277, 49.1925146], [-2.1084913, 49.1924955], [-2.1085608, 49.1924903], [-2.1086293, 49.1924997], [-2.1086897, 49.1925227], [-2.1087145, 49.192541], [-2.1087361, 49.192557], [-2.1087636, 49.192599]]}, "properties": {"way_id": 488057219, "name": "Rouge Bouillon"}}, {"type": "Feature", "geometry": {"type": "LineString", "coordinates": [[-2.1084498, 49.1927613], [-2.1080965, 49.1927479], [-2.1079192, 49.1927321]]}, "properties": {"way_id": 488057221, "name": "Rouge Bouillon"}}, {"type": "Feature", "geometry": {"type": "LineString", "coordinates": [[-2.0956782, 49.1800914], [-2.0947992, 49.1796382], [-2.0946531, 49.1795637], [-2.0945461, 49.1794963], [-2.0939545, 49.1789121], [-2.0937936, 49.1788342]]}, "properties": {"way_id": 490052435, "name": "Georgetown Road"}}, {"type": "Feature", "geometry": {"type": "LineString", "coordinates": [[-2.2207662, 49.1805616], [-2.2209541, 49.1804946], [-2.2211901, 49.1804383], [-2.2223586, 49.1802165], [-2.2230903, 49.1801389], [-2.2238687, 49.1801185], [-2.225048, 49.1801232], [-2.2255836, 49.180121], [-2.225836, 49.1800902], [-2.2259496, 49.1800728], [-2.2260959, 49.1800434], [-2.226198, 49.1800294], [-2.2264123, 49.1800001], [-2.2267096, 49.1799875], [-2.2267358, 49.1799901], [-2.227202, 49.1800358], [-2.2274, 49.1800679], [-2.2276643, 49.1801108], [-2.2276811, 49.1801135], [-2.228195, 49.1801804], [-2.2285532, 49.1801908], [-2.2287674, 49.1801643], [-2.2289145, 49.1801323], [-2.2292219, 49.1801083], [-2.229494, 49.1801136], [-2.2297015, 49.1801659], [-2.2306246, 49.1804724], [-2.2313371, 49.1806741], [-2.2317717, 49.1807972], [-2.2326588, 49.181056], [-2.2336162, 49.1813177], [-2.2347317, 49.1814495], [-2.2354443, 49.1814996], [-2.2360707, 49.1815318], [-2.2363721, 49.181522], [-2.2369737, 49.1814551], [-2.2378653, 49.1813515], [-2.2382549, 49.1813028]]}, "properties": {"way_id": 566801242, "name": "Rue de la Corbi\u00e8re"}}, {"type": "Feature", "geometry": {"type": "LineString", "coordinates": [[-2.138351, 49.1985836], [-2.1378587, 49.1985049], [-2.1374122, 49.1984653], [-2.1371357, 49.1984447], [-2.137062, 49.1984426], [-2.1367509, 49.1984335], [-2.1365283, 49.1984269], [-2.1362627, 49.1983988]]}, "properties": {"way_id": 601111965, "name": "Route de St. Aubin"}}, {"type": "Feature", "geometry": {"type": "LineString", "coordinates": [[-2.1454576, 49.2268572], [-2.1453975, 49.2267125], [-2.1452347, 49.2265197]]}, "properties": {"way_id": 601111966, "name": "Grande Route de St. Laurent"}}, {"type": "Feature", "geometry": {"type": "LineString", "coordinates": [[-2.1732062, 49.2350842], [-2.1724561, 49.2350705], [-2.172082, 49.2350636], [-2.1716105, 49.235055], [-2.1714155, 49.2350595], [-2.1700183, 49.2350917], [-2.1698544, 49.2350944]]}, "properties": {"way_id": 601111968, "name": "Route de Ste Marie"}}, {"type": "Feature", "geometry": {"type": "LineString", "coordinates": [[-2.1102242, 49.1834369], [-2.109729, 49.1831514], [-2.1096083, 49.1831443], [-2.1094903, 49.1831987], [-2.109448, 49.1832349], [-2.1094061, 49.183266]]}, "properties": {"way_id": 661034834, "name": ""}}, {"type": "Feature", "geometry": {"type": "LineString", "coordinates": [[-2.1108479, 49.1841092], [-2.1110446, 49.1841472], [-2.1111045, 49.1841501], [-2.1111868, 49.184154], [-2.1113471, 49.1841353], [-2.1114942, 49.1840852]]}, "properties": {"way_id": 661034836, "name": ""}}, {"type": "Feature", "geometry": {"type": "LineString", "coordinates": [[-2.1024905, 49.1797886], [-2.1030683, 49.180109], [-2.1031376, 49.180159], [-2.1032065, 49.1802082]]}, "properties": {"way_id": 667324312, "name": "Route du Fort"}}, {"type": "Feature", "geometry": {"type": "LineString", "coordinates": [[-2.1989567, 49.1940426], [-2.1989992, 49.1939247]]}, "properties": {"way_id": 713287026, "name": "Route des Quennevais"}}, {"type": "Feature", "geometry": {"type": "LineString", "coordinates": [[-2.1989992, 49.1939247], [-2.1990149, 49.1938788], [-2.1991091, 49.1936102]]}, "properties": {"way_id": 713287029, "name": "Route des Quennevais"}}, {"type": "Feature", "geometry": {"type": "LineString", "coordinates": [[-2.0937165, 49.2368814], [-2.0936021, 49.2367883]]}, "properties": {"way_id": 733607417, "name": "Rue des Croix"}}, {"type": "Feature", "geometry": {"type": "LineString", "coordinates": [[-2.2228337, 49.2081142], [-2.2228473, 49.2081582]]}, "properties": {"way_id": 733607421, "name": "Grande Route des Mielles"}}, {"type": "Feature", "geometry": {"type": "LineString", "coordinates": [[-2.0439901, 49.2155344], [-2.0438337, 49.2154498]]}, "properties": {"way_id": 733607422, "name": "Grande Route de Faldouet"}}, {"type": "Feature", "geometry": {"type": "LineString", "coordinates": [[-2.0507731, 49.2178335], [-2.0507019, 49.2178247], [-2.0502352, 49.2177871], [-2.0498426, 49.2177508], [-2.0497491, 49.2177421], [-2.0490398, 49.2176593], [-2.0487377, 49.2176148], [-2.0485229, 49.2175585], [-2.0480359, 49.2173927], [-2.0476026, 49.217219], [-2.0469603, 49.2169411], [-2.0464932, 49.2167314], [-2.0458587, 49.216449], [-2.0452991, 49.2161687], [-2.044121, 49.2156067], [-2.0439901, 49.2155344]]}, "properties": {"way_id": 733607423, "name": "Grande Route de Faldouet"}}, {"type": "Feature", "geometry": {"type": "LineString", "coordinates": [[-2.1445042, 49.1969466], [-2.144915, 49.1969839]]}, "properties": {"way_id": 746775359, "name": "Victoria Avenue"}}, {"type": "Feature", "geometry": {"type": "LineString", "coordinates": [[-2.1455068, 49.1971812], [-2.1457488, 49.1973155], [-2.1464828, 49.1976516], [-2.1465544, 49.1976844], [-2.1466753, 49.1977343], [-2.1470171, 49.1978754], [-2.147179, 49.1979375], [-2.1472572, 49.1979675], [-2.1473859, 49.197999], [-2.1474905, 49.1980034], [-2.1476389, 49.1980126]]}, "properties": {"way_id": 746775360, "name": "Victoria Avenue"}}, {"type": "Feature", "geometry": {"type": "LineString", "coordinates": [[-2.1448934, 49.1970542], [-2.144507, 49.1970346]]}, "properties": {"way_id": 746775361, "name": "Victoria Avenue"}}, {"type": "Feature", "geometry": {"type": "LineString", "coordinates": [[-2.1473919, 49.1980408], [-2.1472625, 49.1980148], [-2.1471283, 49.1979819]]}, "properties": {"way_id": 746775362, "name": "Victoria Avenue"}}, {"type": "Feature", "geometry": {"type": "LineString", "coordinates": [[-2.1476389, 49.1980126], [-2.1475006, 49.1980431]]}, "properties": {"way_id": 746775363, "name": "Route de la Haule"}}, {"type": "Feature", "geometry": {"type": "LineString", "coordinates": [[-2.2000446, 49.2295296], [-2.1995927, 49.2284948], [-2.199481, 49.2282821], [-2.1993808, 49.2281164], [-2.1992692, 49.2279901], [-2.1990966, 49.2277995], [-2.1989543, 49.2276701], [-2.1984421, 49.2273084]]}, "properties": {"way_id": 754710566, "name": "Grande Route de St Ouen"}}, {"type": "Feature", "geometry": {"type": "LineString", "coordinates": [[-2.176497, 49.1881599], [-2.1771889, 49.1882288], [-2.177333, 49.1882449], [-2.1777356, 49.1882899], [-2.1778732, 49.188341], [-2.1779268, 49.1883785]]}, "properties": {"way_id": 754710567, "name": "Mont les Vaux"}}, {"type": "Feature", "geometry": {"type": "LineString", "coordinates": [[-2.1800698, 49.1891902], [-2.1801279, 49.189032], [-2.1800928, 49.1888749]]}, "properties": {"way_id": 754710568, "name": "La Grande Route de St Brelade"}}, {"type": "Feature", "geometry": {"type": "LineString", "coordinates": [[-2.1975022, 49.1855153], [-2.1967162, 49.1854085], [-2.1966112, 49.1853944], [-2.1960899, 49.1853214], [-2.1954438, 49.1852341], [-2.1951391, 49.1851961], [-2.1943977, 49.1850957], [-2.1923967, 49.18482]]}, "properties": {"way_id": 754710569, "name": "Mont Sohier"}}, {"type": "Feature", "geometry": {"type": "LineString", "coordinates": [[-2.1452347, 49.2265197], [-2.1451605, 49.2264343], [-2.144309, 49.2254547], [-2.1440195, 49.2251458], [-2.1436219, 49.22472], [-2.1428785, 49.223709], [-2.142501, 49.223108], [-2.1423532, 49.2229171], [-2.142207, 49.222723], [-2.1419234, 49.2223461]]}, "properties": {"way_id": 758199827, "name": "Grande Route de St. Laurent"}}, {"type": "Feature", "geometry": {"type": "LineString", "coordinates": [[-2.1445657, 49.2454599], [-2.1433534, 49.2456641], [-2.1432349, 49.2456815], [-2.1427099, 49.2457584], [-2.1422268, 49.2458291], [-2.1418131, 49.245888], [-2.1415154, 49.2459181], [-2.1411344, 49.2459206], [-2.1409817, 49.2459174], [-2.1404056, 49.2458769], [-2.1401783, 49.2458473], [-2.1396806, 49.2457826]]}, "properties": {"way_id": 758199828, "name": "Route de St Jean"}}, {"type": "Feature", "geometry": {"type": "LineString", "coordinates": [[-2.103996, 49.1797378], [-2.103965, 49.1797964], [-2.1039256, 49.1798708]]}, "properties": {"way_id": 771954616, "name": "Green Street"}}, {"type": "Feature", "geometry": {"type": "LineString", "coordinates": [[-2.1039256, 49.1798708], [-2.1038886, 49.1799438], [-2.1038187, 49.1800582], [-2.1037866, 49.1800856], [-2.1037294, 49.1801343]]}, "properties": {"way_id": 771954617, "name": "Green Street"}}, {"type": "Feature", "geometry": {"type": "LineString", "coordinates": [[-2.1314896, 49.2440238], [-2.1309661, 49.2440004], [-2.1307177, 49.2439891], [-2.1304326, 49.2439762], [-2.1299948, 49.2439228], [-2.1296729, 49.2438789], [-2.1289731, 49.2437834], [-2.1285538, 49.2437054], [-2.1284459, 49.2436765], [-2.1281715, 49.2435522], [-2.1281603, 49.2435465], [-2.1277918, 49.2433595], [-2.1274418, 49.2431955], [-2.127396, 49.243181], [-2.1272963, 49.2431495], [-2.1266858, 49.2430424], [-2.1257582, 49.2429244], [-2.1256372, 49.242877], [-2.1254075, 49.2427327], [-2.1250553, 49.2425201], [-2.1245995, 49.2422813], [-2.1234192, 49.2418309], [-2.1228363, 49.2415949], [-2.1221619, 49.2413061], [-2.1219226, 49.2411829], [-2.1213022, 49.2408004], [-2.120446, 49.2403234], [-2.1202152, 49.2402001], [-2.1199488, 49.2400771], [-2.1196501, 49.2399953], [-2.1195573, 49.2399846], [-2.1191122, 49.2399334], [-2.1187077, 49.2398753], [-2.1185169, 49.2398335], [-2.1182041, 49.2396965], [-2.1178782, 49.2395317], [-2.1175159, 49.2393424]]}, "properties": {"way_id": 775016176, "name": "Route des Issues"}}, {"type": "Feature", "geometry": {"type": "LineString", "coordinates": [[-2.1471055, 49.1981201], [-2.1468682, 49.198137], [-2.1461972, 49.1981778], [-2.1451511, 49.1982419], [-2.1449625, 49.1982534], [-2.1440974, 49.1983118], [-2.1439204, 49.1983283], [-2.1437622, 49.1983486], [-2.1436609, 49.1983616], [-2.1428637, 49.1984636], [-2.1424027, 49.1985182], [-2.1421973, 49.1985425], [-2.142073, 49.1985508], [-2.1419749, 49.1985519], [-2.1417816, 49.1985542], [-2.1417155, 49.1985542], [-2.1414729, 49.1985499], [-2.1409174, 49.1985401], [-2.139934, 49.198578], [-2.1395724, 49.1985868], [-2.1393419, 49.1985882], [-2.1392095, 49.1985875], [-2.1387908, 49.1985886], [-2.1386354, 49.198585]]}, "properties": {"way_id": 809372486, "name": "Route de St. Aubin"}}, {"type": "Feature", "geometry": {"type": "LineString", "coordinates": [[-2.1471283, 49.1979819], [-2.1470105, 49.197932], [-2.146477, 49.1977004], [-2.1457051, 49.19735], [-2.1454143, 49.197218]]}, "properties": {"way_id": 809372487, "name": "Victoria Avenue"}}, {"type": "Feature", "geometry": {"type": "LineString", "coordinates": [[-2.1475006, 49.1980431], [-2.1473919, 49.1980408]]}, "properties": {"way_id": 809372488, "name": "Route de la Haule"}}, {"type": "Feature", "geometry": {"type": "LineString", "coordinates": [[-2.1146547, 49.1887544], [-2.1155187, 49.1885047], [-2.116047, 49.1883801], [-2.116245, 49.1883579], [-2.1164755, 49.1883427]]}, "properties": {"way_id": 830808140, "name": "St. Aubin's Road"}}, {"type": "Feature", "geometry": {"type": "LineString", "coordinates": [[-2.0752953, 49.1980061], [-2.0751538, 49.1979956], [-2.0746403, 49.1979966], [-2.0743341, 49.1979764], [-2.0739527, 49.1979258], [-2.073687, 49.1979126], [-2.0735151, 49.1979322], [-2.0733164, 49.1979637], [-2.0731138, 49.1980273], [-2.0723931, 49.1982936], [-2.0712668, 49.1986992], [-2.0711536, 49.198726], [-2.0690867, 49.1990543], [-2.0679051, 49.1993283], [-2.0676799, 49.1993766], [-2.0650854, 49.1998292], [-2.0650087, 49.1998426], [-2.0636594, 49.2000174], [-2.06348, 49.2000846], [-2.0632369, 49.200595], [-2.0631819, 49.2007449]]}, "properties": {"way_id": 837118244, "name": "Prince's Tower Road"}}, {"type": "Feature", "geometry": {"type": "LineString", "coordinates": [[-2.0757028, 49.2018947], [-2.0760398, 49.2015509], [-2.0765493, 49.2010112], [-2.0766567, 49.2009114], [-2.0767624, 49.2008374], [-2.0771218, 49.2006152], [-2.0774296, 49.2004159], [-2.0776131, 49.2003102], [-2.0776323, 49.2002984], [-2.0777913, 49.2002008], [-2.0782736, 49.1999047], [-2.0783736, 49.1998543], [-2.0787648, 49.199625]]}, "properties": {"way_id": 837118245, "name": "La Grande Route de St. Martin"}}, {"type": "Feature", "geometry": {"type": "LineString", "coordinates": [[-2.0676357, 49.2073192], [-2.0679858, 49.2071159], [-2.068496, 49.2068802], [-2.0689392, 49.2067659], [-2.0693212, 49.2066347], [-2.0695444, 49.206501], [-2.0696586, 49.2063907], [-2.0697588, 49.2062655], [-2.0700342, 49.2056949], [-2.0701892, 49.2055086], [-2.0703752, 49.2053182], [-2.0709506, 49.2049145], [-2.0710822, 49.2048055], [-2.0711753, 49.2047138], [-2.0714521, 49.2044413]]}, "properties": {"way_id": 837118248, "name": "Grande Route de St Martin"}}, {"type": "Feature", "geometry": {"type": "LineString", "coordinates": [[-2.0656462, 49.2113311], [-2.0656396, 49.2110385], [-2.0656379, 49.2106575], [-2.065637, 49.2104683], [-2.0656229, 49.2101959], [-2.0655716, 49.2097264], [-2.0655524, 49.2096123], [-2.0653119, 49.2085767]]}, "properties": {"way_id": 837118250, "name": "Route de Maufant"}}, {"type": "Feature", "geometry": {"type": "LineString", "coordinates": [[-2.0605677, 49.2114099], [-2.0606934, 49.21132], [-2.0607734, 49.2112157], [-2.0608275, 49.2111535], [-2.0610856, 49.2106523], [-2.0611781, 49.2104728], [-2.0613433, 49.2101901], [-2.0613991, 49.2101237], [-2.06147, 49.2100687], [-2.0615311, 49.2100213], [-2.0618135, 49.2098893], [-2.0620402, 49.2098045], [-2.0631024, 49.2093966], [-2.0632379, 49.2093446], [-2.0638691, 49.2090972], [-2.0639775, 49.2090546], [-2.064273, 49.2089388], [-2.0643451, 49.2089144], [-2.0647945, 49.2087465], [-2.0653119, 49.2085767]]}, "properties": {"way_id": 837118251, "name": "Grande Route de St. Martin"}}, {"type": "Feature", "geometry": {"type": "LineString", "coordinates": [[-2.0538961, 49.2159899], [-2.0540204, 49.21585], [-2.0543751, 49.2154507], [-2.0544227, 49.2153975], [-2.0546836, 49.2151064], [-2.0549378, 49.2148897], [-2.05533, 49.2146005], [-2.0554474, 49.2145292], [-2.0556465, 49.2144202], [-2.0566279, 49.2139125], [-2.0576019, 49.213388], [-2.0585576, 49.2129835], [-2.0587499, 49.2128746], [-2.058853, 49.2128142]]}, "properties": {"way_id": 837118252, "name": "Grande Route de St. Martin"}}, {"type": "Feature", "geometry": {"type": "LineString", "coordinates": [[-2.0576565, 49.220558], [-2.057413, 49.2204787], [-2.0565493, 49.2201974], [-2.0551982, 49.2197267], [-2.0550792, 49.2196806], [-2.0546482, 49.2195136], [-2.0546298, 49.2195065], [-2.0539065, 49.2192263], [-2.0537568, 49.219172], [-2.0531131, 49.2189385]]}, "properties": {"way_id": 837118253, "name": "Rue de la Croix au Maitre"}}, {"type": "Feature", "geometry": {"type": "LineString", "coordinates": [[-2.0475928, 49.2231639], [-2.0476483, 49.2227801], [-2.0476905, 49.2225425], [-2.0477677, 49.2222414], [-2.0478739, 49.2219137], [-2.0480322, 49.2215436], [-2.0481993, 49.2210793], [-2.0483607, 49.2205792], [-2.0484118, 49.2204389], [-2.0484805, 49.2203048], [-2.0485574, 49.2201819], [-2.04878, 49.2198008], [-2.0489219, 49.21959], [-2.049557, 49.2190433], [-2.0498621, 49.2187954], [-2.0500819, 49.2186316], [-2.0502791, 49.218457], [-2.050299, 49.2184392], [-2.0506193, 49.2180365], [-2.0507731, 49.2178335]]}, "properties": {"way_id": 837118254, "name": "Grande Route de Rozel"}}, {"type": "Feature", "geometry": {"type": "LineString", "coordinates": [[-2.0668553, 49.2077723], [-2.0676357, 49.2073192]]}, "properties": {"way_id": 837118255, "name": "Grande Route de St. Martin"}}, {"type": "Feature", "geometry": {"type": "LineString", "coordinates": [[-2.0880987, 49.2031455], [-2.0895013, 49.2028466], [-2.0899727, 49.2028485], [-2.0901536, 49.2028242], [-2.0904202, 49.202752], [-2.0906979, 49.2026789], [-2.090771, 49.2026597], [-2.09082, 49.2026508], [-2.0908976, 49.2026432], [-2.0910858, 49.202645], [-2.0912775, 49.2026589], [-2.0915996, 49.2026823], [-2.0917181, 49.2026602]]}, "properties": {"way_id": 837118257, "name": "Grands Vaux"}}, {"type": "Feature", "geometry": {"type": "LineString", "coordinates": [[-2.095527, 49.1978324], [-2.0956133, 49.1976667], [-2.0956443, 49.1976317], [-2.0956771, 49.1975946], [-2.0957331, 49.1975301], [-2.0957827, 49.197473], [-2.0958055, 49.1974468], [-2.0958959, 49.1973475], [-2.0960673, 49.1971107], [-2.0961324, 49.197031], [-2.096194, 49.1969556], [-2.0962973, 49.1968382], [-2.0963961, 49.1967053], [-2.0965164, 49.196557], [-2.0967534, 49.196285], [-2.0968118, 49.1962179], [-2.0969076, 49.1960866], [-2.0970106, 49.1958734], [-2.0970783, 49.1957192], [-2.0971569, 49.1955012], [-2.0971841, 49.1954328], [-2.0972201, 49.1953424], [-2.0972531, 49.1952552], [-2.0972952, 49.1951486], [-2.097338, 49.1950435], [-2.0974128, 49.1949476], [-2.0974925, 49.194858], [-2.0975834, 49.1947776], [-2.097734, 49.1946798], [-2.0979778, 49.1945651], [-2.0982846, 49.1944758], [-2.0985561, 49.1944083]]}, "properties": {"way_id": 837118258, "name": "Grands Vaux"}}, {"type": "Feature", "geometry": {"type": "LineString", "coordinates": [[-2.1832888, 49.21431], [-2.1832692, 49.2142689], [-2.1829541, 49.2136287], [-2.1828198, 49.2134125], [-2.1827243, 49.2132883], [-2.182558, 49.2131347], [-2.1823943, 49.213019], [-2.1821875, 49.212919]]}, "properties": {"way_id": 837187260, "name": "La Grande Route de St Pierre"}}, {"type": "Feature", "geometry": {"type": "LineString", "coordinates": [[-2.1798965, 49.2109306], [-2.1793629, 49.2105825], [-2.1789338, 49.2102796], [-2.1781407, 49.2097264], [-2.1780871, 49.209689]]}, "properties": {"way_id": 837187261, "name": "Route de Beaumont"}}, {"type": "Feature", "geometry": {"type": "LineString", "coordinates": [[-2.1757507, 49.2087052], [-2.1751773, 49.2085035], [-2.174687, 49.2083368], [-2.1741082, 49.2081371], [-2.173866, 49.2080048], [-2.173693, 49.2078601], [-2.1736163, 49.207759], [-2.173543, 49.2076327], [-2.1734965, 49.2075062], [-2.1734998, 49.2073633], [-2.173482, 49.2069547]]}, "properties": {"way_id": 837187262, "name": "Route de Beaumont"}}, {"type": "Feature", "geometry": {"type": "LineString", "coordinates": [[-2.1638334, 49.1995687], [-2.1640725, 49.1997078], [-2.164937, 49.2002106], [-2.1651365, 49.2003226], [-2.1652239, 49.2003717], [-2.165334, 49.2004336], [-2.1655558, 49.2005227], [-2.1657523, 49.2005964], [-2.1658791, 49.200658], [-2.1660013, 49.2007464], [-2.166088, 49.2008398], [-2.166177, 49.2010166], [-2.1662312, 49.2012212], [-2.1662781, 49.2013263], [-2.166372, 49.2014805], [-2.1665437, 49.2016473], [-2.1669185, 49.201947], [-2.1671798, 49.2021254], [-2.1673306, 49.2021942], [-2.1674904, 49.2022554], [-2.16764, 49.2023109], [-2.1677861, 49.2023515], [-2.1681962, 49.2024301], [-2.1683968, 49.2024686], [-2.1692372, 49.2026237], [-2.1696919, 49.2027053], [-2.1699313, 49.2027618], [-2.1701329, 49.2028289], [-2.1702639, 49.2028935], [-2.1703505, 49.2029534], [-2.1704113, 49.2030153], [-2.1704724, 49.2031131], [-2.1705294, 49.2032704], [-2.1705939, 49.2038039], [-2.1706287, 49.2040649], [-2.1706412, 49.2041262], [-2.1707036, 49.2042586], [-2.1710256, 49.2047486], [-2.1712539, 49.205122], [-2.1714095, 49.2054856], [-2.1714708, 49.2055826], [-2.1715491, 49.2056673], [-2.1716882, 49.20579], [-2.1721093, 49.2060461], [-2.1730714, 49.2066218], [-2.1733042, 49.2068017], [-2.173482, 49.2069547]]}, "properties": {"way_id": 837187266, "name": "Route de Beaumont"}}, {"type": "Feature", "geometry": {"type": "LineString", "coordinates": [[-2.1513041, 49.2286345], [-2.150527, 49.2284163], [-2.1504834, 49.2283955], [-2.1504513, 49.2283094], [-2.150374, 49.2277789], [-2.1503089, 49.2275823], [-2.1502114, 49.2274902]]}, "properties": {"way_id": 837187270, "name": "Les Chanolles des Six Rues"}}, {"type": "Feature", "geometry": {"type": "LineString", "coordinates": [[-2.1296237, 49.2456351], [-2.1296208, 49.2456348], [-2.1295188, 49.2456236], [-2.1291289, 49.2455808], [-2.1290987, 49.2455775], [-2.128388, 49.2456008], [-2.1280003, 49.2456008], [-2.1278564, 49.2456008], [-2.1271003, 49.2455843], [-2.1268971, 49.2455799], [-2.1266173, 49.245567], [-2.1265689, 49.2455648], [-2.1264692, 49.2455602], [-2.1262789, 49.2455514], [-2.1259119, 49.2455296], [-2.1258586, 49.2455264], [-2.1258383, 49.2455242], [-2.125523, 49.2454899], [-2.125502, 49.2454866], [-2.125299, 49.2454549], [-2.1250796, 49.2454206], [-2.1249431, 49.2453992], [-2.1247339, 49.2453665]]}, "properties": {"way_id": 837187272, "name": "Route de Mont Mado"}}, {"type": "Feature", "geometry": {"type": "LineString", "coordinates": [[-2.058507, 49.1814992], [-2.0586357, 49.1814596], [-2.0588502, 49.1814365], [-2.0593356, 49.1813977], [-2.0598637, 49.1813707], [-2.060102, 49.1813585], [-2.0608779, 49.1813083], [-2.0611126, 49.1812884], [-2.0613849, 49.181243], [-2.0626267, 49.1809894], [-2.0636323, 49.1807508], [-2.0637479, 49.1807487], [-2.0638242, 49.1807581], [-2.0639009, 49.1807809], [-2.0639718, 49.1808227], [-2.0643755, 49.1812241], [-2.0645332, 49.1812957], [-2.0647054, 49.1813471], [-2.0648369, 49.1813714], [-2.0649714, 49.1813737], [-2.0650848, 49.1813641], [-2.0652983, 49.1813249], [-2.06557, 49.1812302], [-2.0662623, 49.1809438], [-2.0667328, 49.1807769], [-2.0671151, 49.1806413], [-2.0673738, 49.1805681], [-2.0682824, 49.1803945], [-2.0688081, 49.1803686], [-2.0689953, 49.1803964], [-2.0691595, 49.180466], [-2.0694851, 49.180698], [-2.0703949, 49.1813744], [-2.0704577, 49.181433], [-2.0706576, 49.1816198], [-2.0708319, 49.1817826], [-2.0708989, 49.1818452]]}, "properties": {"way_id": 837423062, "name": "Rue \u00e0 Don"}}, {"type": "Feature", "geometry": {"type": "LineString", "coordinates": [[-2.0395518, 49.18626], [-2.0395101, 49.1860913]]}, "properties": {"way_id": 837423063, "name": "La Rue de la Ville es Renauds"}}, {"type": "Feature", "geometry": {"type": "LineString", "coordinates": [[-2.0387007, 49.190263], [-2.0387374, 49.1902141]]}, "properties": {"way_id": 837423064, "name": "Rue a Don"}}, {"type": "Feature", "geometry": {"type": "LineString", "coordinates": [[-2.0332648, 49.1949306], [-2.0336898, 49.1946381], [-2.0344566, 49.1941059], [-2.0348647, 49.1938796], [-2.0349262, 49.1938505], [-2.0349866, 49.1938177], [-2.0355173, 49.1935635], [-2.035741, 49.1934513], [-2.0358674, 49.1933645], [-2.0362446, 49.1930605], [-2.0365564, 49.1927426], [-2.0373485, 49.1918108], [-2.037767, 49.1913285], [-2.038258, 49.1907906], [-2.0386415, 49.1903335], [-2.0387007, 49.190263]]}, "properties": {"way_id": 837423065, "name": "Rue a Don"}}, {"type": "Feature", "geometry": {"type": "LineString", "coordinates": [[-2.0212722, 49.2034062], [-2.0212216, 49.2033988], [-2.0211544, 49.2033989], [-2.0210222, 49.2034099], [-2.0205498, 49.2034547], [-2.0199172, 49.2035186], [-2.0197302, 49.203519], [-2.0196452, 49.203502], [-2.0195381, 49.203463], [-2.0194341, 49.2033861], [-2.0192948, 49.2032588], [-2.0190028, 49.2029585], [-2.0185933, 49.2026584], [-2.0184247, 49.2024975], [-2.0183329, 49.2023355], [-2.0182994, 49.2021866], [-2.0183034, 49.2020699], [-2.018337, 49.2019867], [-2.0183902, 49.2018963], [-2.0185089, 49.2017877], [-2.0186857, 49.2016322], [-2.0187869, 49.2015145], [-2.0191016, 49.2010537], [-2.0192788, 49.2008643], [-2.0194426, 49.200721], [-2.0195635, 49.2006411], [-2.019654, 49.2006081], [-2.0197831, 49.200584], [-2.0200883, 49.2005646], [-2.020382, 49.2005501], [-2.0206725, 49.2005365], [-2.0208082, 49.2005315], [-2.02095, 49.2005272], [-2.0210545, 49.2005201]]}, "properties": {"way_id": 837423067, "name": "La Grande Route de Ste Catherine"}}, {"type": "Feature", "geometry": {"type": "LineString", "coordinates": [[-2.0924299, 49.235702], [-2.0922502, 49.2356482], [-2.0915092, 49.2355145]]}, "properties": {"way_id": 837423068, "name": "Rue des Croix"}}, {"type": "Feature", "geometry": {"type": "LineString", "coordinates": [[-2.1405204, 49.2194006], [-2.1404727, 49.2193021], [-2.1404008, 49.2190522], [-2.1403149, 49.21876], [-2.1402794, 49.2184824], [-2.1403351, 49.2182051], [-2.1404112, 49.2177743], [-2.1404275, 49.2174652], [-2.1404907, 49.2171696], [-2.1405974, 49.2167636]]}, "properties": {"way_id": 837423070, "name": "Grande Route de St. Laurent"}}, {"type": "Feature", "geometry": {"type": "LineString", "coordinates": [[-2.1405974, 49.2167636], [-2.1406128, 49.2167051], [-2.1407573, 49.2161554], [-2.1407843, 49.2160501], [-2.1408747, 49.2156982], [-2.1409822, 49.2152793], [-2.1410407, 49.215023], [-2.1410903, 49.2148068], [-2.1410938, 49.2147916], [-2.1412418, 49.2141472], [-2.1412712, 49.2137302], [-2.1412803, 49.2136002], [-2.1413586, 49.2132986], [-2.1414569, 49.2129035]]}, "properties": {"way_id": 837423071, "name": "Grande Route de St. Laurent"}}, {"type": "Feature", "geometry": {"type": "LineString", "coordinates": [[-2.1414569, 49.2129035], [-2.1416966, 49.2123714], [-2.1417149, 49.2123308], [-2.1417779, 49.2120692], [-2.1416819, 49.2115019], [-2.1416907, 49.2111732], [-2.1418015, 49.2106962], [-2.1420266, 49.2100905], [-2.1427536, 49.2082996], [-2.1428342, 49.2080956], [-2.1430861, 49.2074123], [-2.1431676, 49.207127], [-2.1431683, 49.2071], [-2.1431695, 49.2070565]]}, "properties": {"way_id": 837423072, "name": "Grande Route de St. Laurent"}}, {"type": "Feature", "geometry": {"type": "LineString", "coordinates": [[-2.1356077, 49.2447565], [-2.1350319, 49.2445531], [-2.134905, 49.2445117]]}, "properties": {"way_id": 844006374, "name": "Route des Issues"}}, {"type": "Feature", "geometry": {"type": "LineString", "coordinates": [[-2.1340036, 49.245171], [-2.1338236, 49.2453075], [-2.1334439, 49.245747], [-2.1331921, 49.2457305], [-2.133149, 49.2457277], [-2.132168, 49.2456633], [-2.1317233, 49.2456458], [-2.1308644, 49.2456596], [-2.130665, 49.2456634], [-2.1302134, 49.2456755], [-2.1297541, 49.245644], [-2.1296237, 49.2456351]]}, "properties": {"way_id": 844006375, "name": "Route de Mont Mado"}}, {"type": "Feature", "geometry": {"type": "LineString", "coordinates": [[-2.1133497, 49.2120734], [-2.1132636, 49.2118888], [-2.1131189, 49.211595], [-2.1129635, 49.2112891], [-2.1128818, 49.2110712], [-2.1128224, 49.2106932], [-2.1127798, 49.2103144], [-2.112771, 49.2100084], [-2.1127908, 49.2098557], [-2.1128054, 49.2097731], [-2.1128859, 49.2095003], [-2.1129745, 49.2092511], [-2.1129834, 49.2092261], [-2.1130564, 49.2089669], [-2.1131058, 49.2087294], [-2.1131496, 49.208461], [-2.1131683, 49.2083583], [-2.1131714, 49.2082692], [-2.1131683, 49.2081599], [-2.113098, 49.207722], [-2.1130742, 49.2075395], [-2.1130506, 49.2072172], [-2.1131445, 49.2069127], [-2.1134343, 49.2062888]]}, "properties": {"way_id": 844006376, "name": "Grande Route de St. Jean"}}, {"type": "Feature", "geometry": {"type": "LineString", "coordinates": [[-2.1137156, 49.2031744], [-2.1137254, 49.2030506], [-2.1136842, 49.2026454], [-2.1136475, 49.2025124], [-2.1136114, 49.2023818], [-2.1134798, 49.2020124], [-2.1134262, 49.201862], [-2.113275, 49.2015225], [-2.1131901, 49.2013121], [-2.1131591, 49.2011822]]}, "properties": {"way_id": 844006378, "name": "Grande Route de St. Jean"}}, {"type": "Feature", "geometry": {"type": "LineString", "coordinates": [[-2.1134476, 49.2050113], [-2.1135524, 49.2044297], [-2.1136453, 49.2040657], [-2.1137156, 49.2031744]]}, "properties": {"way_id": 844006379, "name": "Grande Route de St. Jean"}}, {"type": "Feature", "geometry": {"type": "LineString", "coordinates": [[-2.1127803, 49.1974555], [-2.1126396, 49.1972703], [-2.1122959, 49.1968702], [-2.1121336, 49.1967018], [-2.1118107, 49.1964327], [-2.1114092, 49.1961556], [-2.1111841, 49.1960002], [-2.1106137, 49.1955802], [-2.1102827, 49.1953041], [-2.1100339, 49.1950923], [-2.1096121, 49.1946492]]}, "properties": {"way_id": 844006380, "name": "Queen's Road"}}, {"type": "Feature", "geometry": {"type": "LineString", "coordinates": [[-2.0537808, 49.1738093], [-2.0535774, 49.1738197], [-2.0531815, 49.1737998], [-2.0525128, 49.1737065], [-2.0518665, 49.1735824], [-2.0514223, 49.1734788], [-2.0507735, 49.1733394], [-2.0502228, 49.1732817], [-2.0497503, 49.1732608], [-2.0494367, 49.173271], [-2.0490637, 49.1733068], [-2.0486216, 49.1733997], [-2.0482756, 49.1735014], [-2.0479791, 49.1736607], [-2.0478372, 49.173737], [-2.0467826, 49.1744314], [-2.0459658, 49.1748749], [-2.0459056, 49.1749076], [-2.0456379, 49.1750434], [-2.0454019, 49.1751435], [-2.045221, 49.1752066], [-2.0450641, 49.1752613], [-2.0450097, 49.1752726], [-2.0447797, 49.1753057], [-2.0443479, 49.1753522], [-2.0441354, 49.1753841], [-2.0439057, 49.175433], [-2.0430834, 49.1756571], [-2.0427861, 49.1757578], [-2.0425775, 49.1758517], [-2.0421381, 49.1760584], [-2.0419963, 49.176117]]}, "properties": {"way_id": 844858382, "name": "Grande Route de St. Clement"}}, {"type": "Feature", "geometry": {"type": "LineString", "coordinates": [[-2.0747722, 49.2162484], [-2.0750234, 49.2162734], [-2.0753343, 49.2163043], [-2.0755028, 49.2163072]]}, "properties": {"way_id": 845794532, "name": "Rue du Pont"}}, {"type": "Feature", "geometry": {"type": "LineString", "coordinates": [[-2.0643882, 49.2011696], [-2.0643486, 49.2011238], [-2.06383, 49.2009581], [-2.0631819, 49.2007449]]}, "properties": {"way_id": 845794533, "name": "Rue du Trot"}}, {"type": "Feature", "geometry": {"type": "LineString", "coordinates": [[-2.0440426, 49.2292396], [-2.0440374, 49.228999], [-2.0440097, 49.2285311], [-2.0440069, 49.2283101], [-2.0440497, 49.2282484], [-2.0440968, 49.2282138], [-2.0441811, 49.2281888], [-2.0451477, 49.2280671], [-2.0454431, 49.2280075], [-2.0455406, 49.2279678], [-2.045745, 49.2278685], [-2.0459169, 49.2278], [-2.046027, 49.2277657], [-2.0463337, 49.2276957], [-2.0468291, 49.2276132], [-2.0471231, 49.2275571]]}, "properties": {"way_id": 845794537, "name": "Grande Route de Rozel"}}, {"type": "Feature", "geometry": {"type": "LineString", "coordinates": [[-2.0531131, 49.2189385], [-2.0523016, 49.2185637], [-2.0519247, 49.2183741], [-2.0517195, 49.218262], [-2.0513782, 49.2180755]]}, "properties": {"way_id": 845794538, "name": "Rue de la Croix au Maitre"}}, {"type": "Feature", "geometry": {"type": "LineString", "coordinates": [[-2.1014909, 49.1948745], [-2.1014195, 49.1949694], [-2.1013257, 49.1950614], [-2.1011446, 49.1951412], [-2.1009193, 49.1952113], [-2.1007222, 49.1952376], [-2.1004422, 49.195202], [-2.1002286, 49.1952092], [-2.100077, 49.19525], [-2.0999537, 49.1953168], [-2.0997878, 49.1954508], [-2.0996688, 49.1955723], [-2.0995937, 49.1956951], [-2.0995762, 49.1957729], [-2.0995839, 49.1958419], [-2.0996735, 49.1960867], [-2.0997113, 49.196197], [-2.0997382, 49.1964062], [-2.0997103, 49.1966091], [-2.0996433, 49.1967875], [-2.0995514, 49.1969968], [-2.0994278, 49.1972786], [-2.0993308, 49.1974547], [-2.0992753, 49.1975555], [-2.0992115, 49.1977166], [-2.0991146, 49.1980369], [-2.0988785, 49.198813], [-2.0990272, 49.1993466], [-2.0990684, 49.1994659], [-2.099127, 49.1996354], [-2.0992046, 49.1999816]]}, "properties": {"way_id": 845794545, "name": "Trinity Hill"}}, {"type": "Feature", "geometry": {"type": "LineString", "coordinates": [[-2.1141006, 49.1846033], [-2.1141056, 49.18462], [-2.1141519, 49.1848535], [-2.1141822, 49.1850536], [-2.1142251, 49.1854457], [-2.1142437, 49.1855333], [-2.1142873, 49.1856718], [-2.1143959, 49.1858769], [-2.1144523, 49.1859456], [-2.1144844, 49.1859848], [-2.1145195, 49.1860277], [-2.1145551, 49.1860712]]}, "properties": {"way_id": 866390790, "name": "Route de la Liberation"}}, {"type": "Feature", "geometry": {"type": "LineString", "coordinates": [[-2.1141559, 49.1857562], [-2.114123, 49.1856717], [-2.1140942, 49.1855789], [-2.1140687, 49.1854311], [-2.114041, 49.1851243], [-2.1140065, 49.1848583]]}, "properties": {"way_id": 866390791, "name": "Route de la Liberation"}}, {"type": "Feature", "geometry": {"type": "LineString", "coordinates": [[-2.1103918, 49.1827721], [-2.1108737, 49.1829057], [-2.1114859, 49.1830693], [-2.1118681, 49.1831688], [-2.1119853, 49.1831947], [-2.1121659, 49.1832348]]}, "properties": {"way_id": 866390793, "name": "Route de la Liberation"}}, {"type": "Feature", "geometry": {"type": "LineString", "coordinates": [[-2.1132649, 49.1982853], [-2.1131986, 49.1981026], [-2.1131261, 49.1979671], [-2.1130423, 49.1978381], [-2.1130039, 49.197782], [-2.1128557, 49.1975656], [-2.1127803, 49.1974555]]}, "properties": {"way_id": 881987777, "name": "Queen's Road"}}, {"type": "Feature", "geometry": {"type": "LineString", "coordinates": [[-2.1171667, 49.187702], [-2.1171996, 49.1877243], [-2.1175731, 49.1879645], [-2.1186646, 49.1886164], [-2.1195697, 49.1891861], [-2.1199123, 49.1894017], [-2.1203918, 49.1897007], [-2.1217239, 49.1904794], [-2.1217736, 49.1905084], [-2.1217843, 49.1905147], [-2.1229622, 49.1911593], [-2.1234567, 49.1914102], [-2.1240104, 49.1916924], [-2.1240839, 49.1917299], [-2.1252485, 49.1923235], [-2.1258283, 49.1926299], [-2.126281, 49.1928419], [-2.1267967, 49.1931072], [-2.127461, 49.1934534]]}, "properties": {"way_id": 887297384, "name": "Victoria Avenue"}}, {"type": "Feature", "geometry": {"type": "LineString", "coordinates": [[-2.1922677, 49.2227241], [-2.1921242, 49.2226172], [-2.1920054, 49.2225524], [-2.1913597, 49.2222743], [-2.1910962, 49.2221715], [-2.1907398, 49.2219762], [-2.1904544, 49.2217656], [-2.1902125, 49.2215584], [-2.1898707, 49.2212567], [-2.1897796, 49.2211654], [-2.1894922, 49.2208802], [-2.18928, 49.2206467], [-2.1888662, 49.2201653], [-2.1883689, 49.2195866]]}, "properties": {"way_id": 897666996, "name": "Grande Route de St Pierre"}}, {"type": "Feature", "geometry": {"type": "LineString", "coordinates": [[-2.1012009, 49.1792477], [-2.1012871, 49.1792554], [-2.1013702, 49.1792651], [-2.1015285, 49.1793016], [-2.1018867, 49.179456], [-2.1021346, 49.1795825], [-2.1023715, 49.1797197], [-2.1024905, 49.1797886]]}, "properties": {"way_id": 901166201, "name": "Route du Fort"}}, {"type": "Feature", "geometry": {"type": "LineString", "coordinates": [[-2.1150881, 49.1866154], [-2.114871, 49.1864891], [-2.1147038, 49.1863809], [-2.1145404, 49.1862561], [-2.1143959, 49.1861272]]}, "properties": {"way_id": 901250725, "name": "Esplanade"}}, {"type": "Feature", "geometry": {"type": "LineString", "coordinates": [[-2.1168477, 49.1876377], [-2.1169165, 49.1877469], [-2.1169822, 49.1878581]]}, "properties": {"way_id": 901250726, "name": ""}}, {"type": "Feature", "geometry": {"type": "LineString", "coordinates": [[-2.1476389, 49.1980126], [-2.148174, 49.1978731], [-2.1482387, 49.1978562], [-2.148655, 49.1977476], [-2.1488128, 49.1977065], [-2.1493198, 49.1975865], [-2.1497104, 49.1974927], [-2.1499512, 49.1974349], [-2.150291, 49.1973533], [-2.1505022, 49.1973026], [-2.1505336, 49.1972951], [-2.1506463, 49.1972705], [-2.1507164, 49.1972585], [-2.1513344, 49.1971527], [-2.1514392, 49.1971358], [-2.1521343, 49.1970239], [-2.1525538, 49.1969563], [-2.1529218, 49.196897], [-2.1533512, 49.1968204], [-2.1536453, 49.1967679], [-2.1537778, 49.1967443], [-2.1540211, 49.1967143], [-2.1545583, 49.19665], [-2.1547398, 49.1966322], [-2.1548534, 49.1966249], [-2.1554346, 49.1965999]]}, "properties": {"way_id": 901604373, "name": "Route de la Haule"}}, {"type": "Feature", "geometry": {"type": "LineString", "coordinates": [[-2.1690264, 49.1894219], [-2.1691612, 49.1891595]]}, "properties": {"way_id": 901604390, "name": "La Neuve Route"}}, {"type": "Feature", "geometry": {"type": "LineString", "coordinates": [[-2.0433805, 49.1869518], [-2.0438694, 49.1866728], [-2.0439986, 49.1865998], [-2.0453322, 49.1859872], [-2.0455281, 49.1858886], [-2.0461872, 49.1855566], [-2.0477504, 49.1849311], [-2.0480972, 49.1847896], [-2.0483843, 49.1846427], [-2.0486861, 49.1844521], [-2.0491795, 49.1841113], [-2.049575, 49.1838492], [-2.0498487, 49.1836678], [-2.0499304, 49.1836137], [-2.0501, 49.1835013], [-2.0502043, 49.1834477]]}, "properties": {"way_id": 901608310, "name": "Rue \u00e0 Don"}}, {"type": "Feature", "geometry": {"type": "LineString", "coordinates": [[-2.0515707, 49.1840455], [-2.0516982, 49.1841015]]}, "properties": {"way_id": 901608311, "name": "La Rue \u00e0 Don"}}, {"type": "Feature", "geometry": {"type": "LineString", "coordinates": [[-2.0395101, 49.1860913], [-2.0394614, 49.1858481], [-2.0393163, 49.1854202], [-2.0392519, 49.1853052]]}, "properties": {"way_id": 901990260, "name": "Grande Route des Sablons"}}, {"type": "Feature", "geometry": {"type": "LineString", "coordinates": [[-2.0394102, 49.189237], [-2.0395581, 49.1890044], [-2.0397455, 49.1888072]]}, "properties": {"way_id": 901990266, "name": "Rue a Don"}}, {"type": "Feature", "geometry": {"type": "LineString", "coordinates": [[-2.0411722, 49.1882203], [-2.0417839, 49.1878849], [-2.0418629, 49.1878416], [-2.0419272, 49.1878082], [-2.0425013, 49.1875098], [-2.0426755, 49.1874087], [-2.043306, 49.187002]]}, "properties": {"way_id": 901990269, "name": "Rue \u00e0 Don"}}, {"type": "Feature", "geometry": {"type": "LineString", "coordinates": [[-2.043306, 49.187002], [-2.0433805, 49.1869518]]}, "properties": {"way_id": 901990270, "name": "Rue \u00e0 Don"}}, {"type": "Feature", "geometry": {"type": "LineString", "coordinates": [[-2.0876759, 49.1765375], [-2.0876812, 49.1765952], [-2.0877115, 49.1766602]]}, "properties": {"way_id": 901990855, "name": "Plat Douet Road"}}, {"type": "Feature", "geometry": {"type": "LineString", "coordinates": [[-2.1017976, 49.1771129], [-2.1019429, 49.1770592], [-2.1020302, 49.1770346], [-2.1022295, 49.1769919], [-2.1026487, 49.1769362], [-2.1028146, 49.1769163], [-2.1030476, 49.1768939], [-2.1032432, 49.176885], [-2.1033879, 49.1768799], [-2.1034821, 49.1768765], [-2.1040398, 49.1768353], [-2.1049171, 49.1767704]]}, "properties": {"way_id": 901990856, "name": "Havre des Pas"}}, {"type": "Feature", "geometry": {"type": "LineString", "coordinates": [[-2.1065983, 49.1851065], [-2.1068135, 49.1846785], [-2.1068814, 49.1845435], [-2.1069405, 49.1844642]]}, "properties": {"way_id": 902080269, "name": "New Street"}}, {"type": "Feature", "geometry": {"type": "LineString", "coordinates": [[-2.0986382, 49.191926], [-2.0983499, 49.1919684], [-2.098255, 49.1919824], [-2.0981456, 49.1919985], [-2.0976108, 49.1920774]]}, "properties": {"way_id": 902080278, "name": "Springfield Road"}}, {"type": "Feature", "geometry": {"type": "LineString", "coordinates": [[-2.1502114, 49.2274902], [-2.1500971, 49.227458], [-2.1498724, 49.2274556], [-2.1491827, 49.2274484], [-2.1485733, 49.2274225], [-2.1482421, 49.2273933]]}, "properties": {"way_id": 902080287, "name": "La Rue"}}, {"type": "Feature", "geometry": {"type": "LineString", "coordinates": [[-2.1482421, 49.2273933], [-2.148178, 49.2273895]]}, "properties": {"way_id": 902080288, "name": "La Rue"}}, {"type": "Feature", "geometry": {"type": "LineString", "coordinates": [[-2.1814442, 49.2061695], [-2.181674, 49.2061555]]}, "properties": {"way_id": 902080290, "name": "Avenue de la Reine Elizabeth II"}}, {"type": "Feature", "geometry": {"type": "LineString", "coordinates": [[-2.1773845, 49.198811], [-2.1779431, 49.1989137], [-2.1782592, 49.1989391], [-2.1785427, 49.1989428], [-2.1787159, 49.198945]]}, "properties": {"way_id": 902080291, "name": "Route du Coin"}}, {"type": "Feature", "geometry": {"type": "LineString", "coordinates": [[-2.1600611, 49.195544], [-2.1606532, 49.1953732]]}, "properties": {"way_id": 902080293, "name": "Route de la Haule"}}, {"type": "Feature", "geometry": {"type": "LineString", "coordinates": [[-2.1814442, 49.2061695], [-2.1813636, 49.2055185], [-2.1813409, 49.2053346], [-2.1813226, 49.2051868], [-2.1812451, 49.2050217], [-2.1812033, 49.2049447]]}, "properties": {"way_id": 902297157, "name": "Rue des Landes"}}, {"type": "Feature", "geometry": {"type": "LineString", "coordinates": [[-2.1825936, 49.2273391], [-2.182545, 49.2272737], [-2.1825275, 49.227159], [-2.1824363, 49.226679], [-2.1822861, 49.2261185], [-2.182093, 49.2254458], [-2.1819583, 49.2249357], [-2.1819202, 49.2247913]]}, "properties": {"way_id": 902299284, "name": "Route des H\u00eatres"}}, {"type": "Feature", "geometry": {"type": "LineString", "coordinates": [[-2.1819202, 49.2247913], [-2.1819103, 49.224598], [-2.1819035, 49.2244661], [-2.1819178, 49.2240771]]}, "properties": {"way_id": 902299285, "name": "Route des H\u00eatres"}}, {"type": "Feature", "geometry": {"type": "LineString", "coordinates": [[-2.1416628, 49.2218471], [-2.1412247, 49.2206211], [-2.1411751, 49.2205219], [-2.1410429, 49.2202579], [-2.1409774, 49.2201384], [-2.1408706, 49.219966], [-2.1406202, 49.2196066], [-2.1405204, 49.2194006]]}, "properties": {"way_id": 902299286, "name": "Grande Route de St. Laurent"}}, {"type": "Feature", "geometry": {"type": "LineString", "coordinates": [[-2.1419234, 49.2223461], [-2.1416628, 49.2218471]]}, "properties": {"way_id": 902299287, "name": "Grande Route de St. Laurent"}}, {"type": "Feature", "geometry": {"type": "LineString", "coordinates": [[-2.113848, 49.185656], [-2.1137718, 49.1856648], [-2.1136601, 49.1856737], [-2.1135629, 49.185663], [-2.1134647, 49.1856382]]}, "properties": {"way_id": 902693994, "name": "Esplanade"}}, {"type": "Feature", "geometry": {"type": "LineString", "coordinates": [[-2.1086197, 49.1820073], [-2.108519, 49.182], [-2.1083612, 49.1819372], [-2.1083087, 49.181881]]}, "properties": {"way_id": 902694001, "name": ""}}, {"type": "Feature", "geometry": {"type": "LineString", "coordinates": [[-2.1677059, 49.2493284], [-2.1676674, 49.2494213], [-2.1676575, 49.2495021], [-2.1676165, 49.2498345], [-2.1676217, 49.2498721], [-2.1676594, 49.2498993], [-2.1678565, 49.2499623], [-2.1678846, 49.2499764]]}, "properties": {"way_id": 902698914, "name": "Grande Rue"}}, {"type": "Feature", "geometry": {"type": "LineString", "coordinates": [[-2.1138178, 49.197397], [-2.1136041, 49.197861], [-2.1134911, 49.1980318], [-2.1133097, 49.1982545], [-2.1132649, 49.1982853]]}, "properties": {"way_id": 903082933, "name": "St John's Road"}}, {"type": "Feature", "geometry": {"type": "LineString", "coordinates": [[-2.110615, 49.183973], [-2.1108479, 49.1841092]]}, "properties": {"way_id": 905380363, "name": "Esplanade"}}, {"type": "Feature", "geometry": {"type": "LineString", "coordinates": [[-2.1121659, 49.1832348], [-2.1122699, 49.1832095], [-2.1123809, 49.1832083], [-2.1124741, 49.1832274], [-2.1125547, 49.1832635], [-2.1126153, 49.1833136]]}, "properties": {"way_id": 905380365, "name": "Route de la Liberation"}}, {"type": "Feature", "geometry": {"type": "LineString", "coordinates": [[-2.1120447, 49.1835257], [-2.11202, 49.1834897], [-2.1120059, 49.1834514]]}, "properties": {"way_id": 905380366, "name": "Route de la Liberation"}}, {"type": "Feature", "geometry": {"type": "LineString", "coordinates": [[-2.1126153, 49.1833136], [-2.1126397, 49.1833482], [-2.1126544, 49.183385]]}, "properties": {"way_id": 905380367, "name": "Route de la Liberation"}}, {"type": "Feature", "geometry": {"type": "LineString", "coordinates": [[-2.1118339, 49.2465769], [-2.1125346, 49.2464319], [-2.1137156, 49.2462032], [-2.1144397, 49.2461228], [-2.1148156, 49.2460704], [-2.1151695, 49.2460076], [-2.1152902, 49.246], [-2.1156754, 49.2460344]]}, "properties": {"way_id": 905380369, "name": "Rue de la Mare des Pr\u00e9s"}}, {"type": "Feature", "geometry": {"type": "LineString", "coordinates": [[-2.139201, 49.246453], [-2.139416, 49.2463063]]}, "properties": {"way_id": 905385233, "name": "Route du Nord"}}, {"type": "Feature", "geometry": {"type": "LineString", "coordinates": [[-2.058853, 49.2128142], [-2.0589188, 49.2127442], [-2.0590814, 49.2125712], [-2.0591087, 49.2125393], [-2.0594213, 49.2121741], [-2.0595613, 49.2120539], [-2.0599417, 49.2118115], [-2.0605326, 49.2114349], [-2.0605677, 49.2114099]]}, "properties": {"way_id": 905946559, "name": "Grande Route de St. Martin"}}, {"type": "Feature", "geometry": {"type": "LineString", "coordinates": [[-2.0513782, 49.2180755], [-2.0511186, 49.2179445], [-2.0509695, 49.217886], [-2.0507731, 49.2178335]]}, "properties": {"way_id": 905946560, "name": "Rue de la Croix au Maitre"}}, {"type": "Feature", "geometry": {"type": "LineString", "coordinates": [[-2.1021469, 49.1813724], [-2.102104, 49.1814295], [-2.1020852, 49.1814862], [-2.1020842, 49.1814893], [-2.1020726, 49.1815655]]}, "properties": {"way_id": 905952726, "name": "Grenville Street"}}, {"type": "Feature", "geometry": {"type": "LineString", "coordinates": [[-2.1698544, 49.2350944], [-2.1696611, 49.2351106]]}, "properties": {"way_id": 906136841, "name": "La Rue des Buttes"}}, {"type": "Feature", "geometry": {"type": "LineString", "coordinates": [[-2.205525, 49.2387513], [-2.2055049, 49.2383681], [-2.2053104, 49.2378323], [-2.2050089, 49.2371129], [-2.2049206, 49.2369078], [-2.2048394, 49.2367601], [-2.2046957, 49.2366025], [-2.2045799, 49.2364836], [-2.2043949, 49.2362936], [-2.20438, 49.2362797], [-2.2041704, 49.2360842]]}, "properties": {"way_id": 906674110, "name": "Route de Vinchelez"}}, {"type": "Feature", "geometry": {"type": "LineString", "coordinates": [[-2.1586596, 49.1965519], [-2.1589495, 49.1961828], [-2.1591789, 49.1959582], [-2.1596329, 49.1956971], [-2.1598137, 49.1956239], [-2.1600611, 49.195544]]}, "properties": {"way_id": 906674111, "name": "Route de la Haule"}}, {"type": "Feature", "geometry": {"type": "LineString", "coordinates": [[-2.198993, 49.1856697], [-2.1988677, 49.1856793], [-2.1987315, 49.1856823], [-2.1985847, 49.1856669], [-2.1976374, 49.1855328], [-2.1975022, 49.1855153]]}, "properties": {"way_id": 906674112, "name": "Route de la Baie"}}, {"type": "Feature", "geometry": {"type": "LineString", "coordinates": [[-2.1800117, 49.1840908], [-2.1805153, 49.1841683], [-2.1808731, 49.1842452], [-2.1809417, 49.1842577], [-2.1810031, 49.1842701], [-2.1815205, 49.1843522], [-2.1824233, 49.1844763]]}, "properties": {"way_id": 906674114, "name": "La Route des Genets"}}, {"type": "Feature", "geometry": {"type": "LineString", "coordinates": [[-2.1134343, 49.2062888], [-2.1134783, 49.2061386], [-2.1135013, 49.2059578], [-2.1135093, 49.2056004], [-2.1134476, 49.2050113]]}, "properties": {"way_id": 906676240, "name": "Grande Route de St. Jean"}}, {"type": "Feature", "geometry": {"type": "LineString", "coordinates": [[-2.1155331, 49.1942046], [-2.1154974, 49.1942326], [-2.1154717, 49.1942528], [-2.115002, 49.1946208], [-2.1142144, 49.1949784], [-2.1139873, 49.1950574], [-2.1136778, 49.1950916]]}, "properties": {"way_id": 906676242, "name": "Tower Road"}}, {"type": "Feature", "geometry": {"type": "LineString", "coordinates": [[-2.1898972, 49.2060754], [-2.1899605, 49.205765], [-2.1900081, 49.2056013], [-2.1900306, 49.2054235], [-2.1899967, 49.2052038], [-2.1899274, 49.20493], [-2.1897456, 49.2043964], [-2.1896937, 49.2041267], [-2.1896841, 49.2039954], [-2.1896773, 49.2039014], [-2.189685, 49.2037625], [-2.1897153, 49.2035943], [-2.1897974, 49.2033892], [-2.1898887, 49.2032247], [-2.1899975, 49.2030965]]}, "properties": {"way_id": 908861679, "name": "Avenue de la Commune"}}, {"type": "Feature", "geometry": {"type": "LineString", "coordinates": [[-2.1132966, 49.1989442], [-2.1133147, 49.198656], [-2.1133013, 49.1984113], [-2.1132781, 49.1983312], [-2.1132649, 49.1982853]]}, "properties": {"way_id": 909396466, "name": "Grande Route de St. Jean"}}, {"type": "Feature", "geometry": {"type": "LineString", "coordinates": [[-2.0664815, 49.2158187], [-2.0660758, 49.2151156], [-2.0657688, 49.2140928], [-2.065673, 49.2137735], [-2.0656523, 49.213512], [-2.065723, 49.2123245], [-2.0657088, 49.2119038], [-2.0656462, 49.2113311]]}, "properties": {"way_id": 909396467, "name": "Route de Maufant"}}, {"type": "Feature", "geometry": {"type": "LineString", "coordinates": [[-2.0811025, 49.1982091], [-2.0813886, 49.1981641], [-2.0814148, 49.1981589], [-2.0818752, 49.1980684], [-2.0819055, 49.1980625], [-2.0821516, 49.1980082], [-2.0823769, 49.1979565]]}, "properties": {"way_id": 909396468, "name": "St. Saviour's Hill"}}, {"type": "Feature", "geometry": {"type": "LineString", "coordinates": [[-2.0955316, 49.197951], [-2.095527, 49.1978324]]}, "properties": {"way_id": 909396469, "name": "Grands Vaux"}}, {"type": "Feature", "geometry": {"type": "LineString", "coordinates": [[-2.1167673, 49.1875957], [-2.1166921, 49.1875587]]}, "properties": {"way_id": 910461686, "name": "Esplanade"}}, {"type": "Feature", "geometry": {"type": "LineString", "coordinates": [[-2.2212284, 49.1859559], [-2.2216018, 49.1859473]]}, "properties": {"way_id": 914835270, "name": "Rue de la Sergente"}}, {"type": "Feature", "geometry": {"type": "LineString", "coordinates": [[-2.2139756, 49.1882779], [-2.2146409, 49.1881633], [-2.2146859, 49.1881556], [-2.214988, 49.1881046], [-2.215211, 49.188067]]}, "properties": {"way_id": 921843759, "name": "Route Orange"}}, {"type": "Feature", "geometry": {"type": "LineString", "coordinates": [[-2.1939252, 49.2023994], [-2.1944639, 49.2023865], [-2.1947038, 49.2023672], [-2.1949005, 49.2023411], [-2.1950789, 49.2022982], [-2.1952262, 49.2022475], [-2.195383, 49.202173], [-2.1954756, 49.2021095]]}, "properties": {"way_id": 924961727, "name": "Avenue de la Commune"}}, {"type": "Feature", "geometry": {"type": "LineString", "coordinates": [[-2.1094183, 49.1909756], [-2.109271, 49.191411], [-2.1092489, 49.1914803], [-2.109218, 49.1915818], [-2.1091783, 49.1917068], [-2.1091454, 49.1918157], [-2.1090355, 49.1921263], [-2.1089877, 49.1922404], [-2.1089645, 49.1922958], [-2.1089192, 49.1923846], [-2.1088751, 49.1924218], [-2.1088077, 49.1924787], [-2.1087145, 49.192541]]}, "properties": {"way_id": 930714557, "name": "Rouge Bouillon"}}, {"type": "Feature", "geometry": {"type": "LineString", "coordinates": [[-2.199142, 49.1935164], [-2.1993164, 49.1930188], [-2.1996185, 49.1921574], [-2.1996818, 49.1919767], [-2.1997356, 49.1918233], [-2.1998112, 49.1916119], [-2.1998975, 49.1913701], [-2.2000163, 49.1910376], [-2.2000687, 49.1908912], [-2.2001281, 49.1907248], [-2.2001764, 49.1905607], [-2.2002194, 49.1904669]]}, "properties": {"way_id": 930737984, "name": "Route des Quennevais"}}, {"type": "Feature", "geometry": {"type": "LineString", "coordinates": [[-2.1991091, 49.1936102], [-2.199142, 49.1935164]]}, "properties": {"way_id": 930737985, "name": "Route des Quennevais"}}, {"type": "Feature", "geometry": {"type": "LineString", "coordinates": [[-2.1939146, 49.1891014], [-2.194114, 49.1891576], [-2.1951052, 49.1893888], [-2.1954829, 49.1894711], [-2.1959668, 49.189573], [-2.1968082, 49.1897566], [-2.1969157, 49.1897804], [-2.197815, 49.1899705], [-2.199643, 49.1903636], [-2.2000053, 49.1904409], [-2.2002194, 49.1904669]]}, "properties": {"way_id": 931212438, "name": "La Route des Genets"}}, {"type": "Feature", "geometry": {"type": "LineString", "coordinates": [[-2.1864986, 49.2338446], [-2.1860995, 49.2332475], [-2.1859874, 49.2331797]]}, "properties": {"way_id": 931212466, "name": "Chemin de l'\u00c9glise"}}, {"type": "Feature", "geometry": {"type": "LineString", "coordinates": [[-2.1760512, 49.2349228], [-2.1747205, 49.2350368], [-2.1744582, 49.2350593], [-2.1741103, 49.2350891], [-2.1737232, 49.2351109], [-2.1735524, 49.2351205], [-2.1732062, 49.2350842]]}, "properties": {"way_id": 931212467, "name": "Route de Ste Marie"}}, {"type": "Feature", "geometry": {"type": "LineString", "coordinates": [[-2.0516982, 49.1841015], [-2.0518603, 49.1841732], [-2.0521154, 49.1842676], [-2.0523295, 49.1843283], [-2.0525061, 49.1843552], [-2.0525671, 49.1843603], [-2.0527327, 49.1843637], [-2.0530888, 49.1843626], [-2.0537996, 49.1843029], [-2.0545691, 49.1842484], [-2.0547668, 49.1842108], [-2.0549685, 49.1841242], [-2.0551299, 49.1840277], [-2.0553394, 49.1838628], [-2.0556247, 49.1835662], [-2.0564724, 49.1827432], [-2.0571526, 49.1823135], [-2.0580095, 49.1818202]]}, "properties": {"way_id": 931212474, "name": "Mont du Val la Give"}}, {"type": "Feature", "geometry": {"type": "LineString", "coordinates": [[-2.0502043, 49.1834477], [-2.0503551, 49.1834494], [-2.0506804, 49.1836089], [-2.0515707, 49.1840455]]}, "properties": {"way_id": 931212475, "name": "La Rue \u00e0 Don"}}, {"type": "Feature", "geometry": {"type": "LineString", "coordinates": [[-2.1117463, 49.184646], [-2.1117175, 49.1846286], [-2.1113425, 49.1844023], [-2.1111887, 49.1843095]]}, "properties": {"way_id": 940075348, "name": "Esplanade"}}, {"type": "Feature", "geometry": {"type": "LineString", "coordinates": [[-2.1132041, 49.1893202], [-2.1130838, 49.1893095]]}, "properties": {"way_id": 945667313, "name": "Peirson Road"}}, {"type": "Feature", "geometry": {"type": "LineString", "coordinates": [[-2.108692, 49.1823987], [-2.1086045, 49.1825155]]}, "properties": {"way_id": 946917698, "name": "Weighbridge Place"}}, {"type": "Feature", "geometry": {"type": "LineString", "coordinates": [[-2.1086045, 49.1825155], [-2.1085949, 49.1826058], [-2.1085942, 49.1826553]]}, "properties": {"way_id": 946974741, "name": "Esplanade"}}, {"type": "Feature", "geometry": {"type": "LineString", "coordinates": [[-2.1120059, 49.1834514], [-2.1120062, 49.1833878], [-2.1120351, 49.1833271], [-2.1120899, 49.1832745], [-2.1121659, 49.1832348]]}, "properties": {"way_id": 946974742, "name": "Route de la Liberation"}}, {"type": "Feature", "geometry": {"type": "LineString", "coordinates": [[-2.2198988, 49.1842169], [-2.2193689, 49.1842933], [-2.2191753, 49.1843324], [-2.2190441, 49.18438], [-2.2189291, 49.1844398], [-2.2188226, 49.1845101], [-2.2182423, 49.1851087], [-2.2180294, 49.1853101]]}, "properties": {"way_id": 947505119, "name": "Route du Petit Port"}}, {"type": "Feature", "geometry": {"type": "LineString", "coordinates": [[-2.0983896, 49.1816728], [-2.0981291, 49.1814203], [-2.0980708, 49.1813639]]}, "properties": {"way_id": 948247961, "name": "Don Road"}}, {"type": "Feature", "geometry": {"type": "LineString", "coordinates": [[-2.1019582, 49.1827129], [-2.1018962, 49.18286], [-2.1018719, 49.1829177]]}, "properties": {"way_id": 948293974, "name": "Grenville Street"}}, {"type": "Feature", "geometry": {"type": "LineString", "coordinates": [[-2.0985665, 49.1805434], [-2.09856, 49.1805985], [-2.0985392, 49.1809183], [-2.098533, 49.1809995]]}, "properties": {"way_id": 948528940, "name": "St. Clement's Road"}}, {"type": "Feature", "geometry": {"type": "LineString", "coordinates": [[-2.098533, 49.1809995], [-2.0985443, 49.1811433], [-2.0985483, 49.1811939]]}, "properties": {"way_id": 948528941, "name": "St Clement's Road"}}, {"type": "Feature", "geometry": {"type": "LineString", "coordinates": [[-2.0977828, 49.179202], [-2.0984833, 49.1792532]]}, "properties": {"way_id": 949216658, "name": "Route du Fort"}}, {"type": "Feature", "geometry": {"type": "LineString", "coordinates": [[-2.0992103, 49.1792696], [-2.099499, 49.1792712], [-2.099754, 49.1792726], [-2.100488, 49.1792519], [-2.1010203, 49.1792394], [-2.1012009, 49.1792477]]}, "properties": {"way_id": 949532413, "name": "Route du Fort"}}, {"type": "Feature", "geometry": {"type": "LineString", "coordinates": [[-2.1025313, 49.1810519], [-2.1022506, 49.1812859], [-2.1021469, 49.1813724]]}, "properties": {"way_id": 952807051, "name": "Green Street"}}, {"type": "Feature", "geometry": {"type": "LineString", "coordinates": [[-2.1173866, 49.1883077], [-2.1173787, 49.1883327], [-2.1173597, 49.188355], [-2.1173313, 49.1883726], [-2.1172962, 49.1883839], [-2.1172575, 49.1883877]]}, "properties": {"way_id": 960853376, "name": "West Park Roundabout"}}, {"type": "Feature", "geometry": {"type": "LineString", "coordinates": [[-2.1171919, 49.188376], [-2.1171632, 49.1883609], [-2.1171422, 49.1883411], [-2.1171306, 49.1883182], [-2.1171294, 49.1882941], [-2.1171386, 49.1882707]]}, "properties": {"way_id": 960853377, "name": "West Park Roundabout"}}, {"type": "Feature", "geometry": {"type": "LineString", "coordinates": [[-2.1171386, 49.1882707], [-2.1171518, 49.188255], [-2.1171698, 49.1882415]]}, "properties": {"way_id": 960853378, "name": "West Park Roundabout"}}, {"type": "Feature", "geometry": {"type": "LineString", "coordinates": [[-2.1173031, 49.1882244], [-2.1173383, 49.1882375], [-2.1173656, 49.1882571], [-2.1173822, 49.1882813], [-2.1173866, 49.1883077]]}, "properties": {"way_id": 960853379, "name": "West Park Roundabout"}}, {"type": "Feature", "geometry": {"type": "LineString", "coordinates": [[-2.1172575, 49.1883877], [-2.1172235, 49.1883847], [-2.1171919, 49.188376]]}, "properties": {"way_id": 960853380, "name": "West Park Roundabout"}}, {"type": "Feature", "geometry": {"type": "LineString", "coordinates": [[-2.1851223, 49.206319], [-2.1850511, 49.2063093]]}, "properties": {"way_id": 962045436, "name": "L'Avenue de la Reine Elizabeth II"}}, {"type": "Feature", "geometry": {"type": "LineString", "coordinates": [[-2.1850511, 49.2063093], [-2.1844508, 49.206227], [-2.1834292, 49.206115], [-2.1832366, 49.2061086], [-2.1825751, 49.2061011], [-2.181674, 49.2061555]]}, "properties": {"way_id": 962045437, "name": "Avenue de la Reine Elizabeth II"}}, {"type": "Feature", "geometry": {"type": "LineString", "coordinates": [[-2.1950956, 49.2055782], [-2.1950162, 49.2057924], [-2.1949474, 49.205856], [-2.1948637, 49.2058976], [-2.1947692, 49.2058948], [-2.1947461, 49.2058892], [-2.1946857, 49.2058746], [-2.1946131, 49.2058316], [-2.1945948, 49.2057831], [-2.1946006, 49.2057194], [-2.1946123, 49.2056347], [-2.194621, 49.2055716], [-2.1945995, 49.2055135], [-2.1945594, 49.2054609], [-2.194439, 49.2053458]]}, "properties": {"way_id": 962045438, "name": "Airport Road"}}, {"type": "Feature", "geometry": {"type": "LineString", "coordinates": [[-2.194439, 49.2053458], [-2.1948852, 49.2054308], [-2.1949213, 49.2054377], [-2.1949596, 49.205445], [-2.1950526, 49.2054924], [-2.1950956, 49.2055782]]}, "properties": {"way_id": 962045439, "name": "Airport Road"}}, {"type": "Feature", "geometry": {"type": "LineString", "coordinates": [[-2.1929702, 49.2050825], [-2.1930703, 49.2051007]]}, "properties": {"way_id": 962045440, "name": "Airport Road"}}, {"type": "Feature", "geometry": {"type": "LineString", "coordinates": [[-2.1930703, 49.2051007], [-2.1935872, 49.2051974], [-2.1941727, 49.205295], [-2.194439, 49.2053458]]}, "properties": {"way_id": 962045441, "name": "Airport Road"}}, {"type": "Feature", "geometry": {"type": "LineString", "coordinates": [[-2.1019753, 49.1825684], [-2.1019582, 49.1827129]]}, "properties": {"way_id": 962402209, "name": "Grenville Street"}}, {"type": "Feature", "geometry": {"type": "LineString", "coordinates": [[-2.0980708, 49.1813639], [-2.098034, 49.1813777], [-2.0979754, 49.1813997], [-2.0976376, 49.1814219], [-2.0975971, 49.1814234], [-2.0972964, 49.1814344], [-2.0970844, 49.1814403], [-2.0967013, 49.1814535], [-2.0966126, 49.1814824]]}, "properties": {"way_id": 979815996, "name": "Mont Millais"}}, {"type": "Feature", "geometry": {"type": "LineString", "coordinates": [[-2.1134854, 49.1892171], [-2.1136832, 49.1892931], [-2.1138317, 49.1893538], [-2.1146902, 49.1897346], [-2.114791, 49.1897805], [-2.1151713, 49.1899419], [-2.1152589, 49.1899791]]}, "properties": {"way_id": 979815997, "name": "Westmount Road"}}, {"type": "Feature", "geometry": {"type": "LineString", "coordinates": [[-2.0387374, 49.1902141], [-2.0387915, 49.1901422], [-2.0388961, 49.1900031], [-2.0390116, 49.1898495], [-2.0392135, 49.1895461], [-2.03934, 49.1893473], [-2.0394102, 49.189237]]}, "properties": {"way_id": 986694709, "name": "Rue a Don"}}, {"type": "Feature", "geometry": {"type": "LineString", "coordinates": [[-2.1132915, 49.2146983], [-2.1131879, 49.2143561], [-2.1131647, 49.214214], [-2.1131754, 49.2140526], [-2.1132018, 49.2138828], [-2.1133888, 49.2126784], [-2.1134069, 49.2123166], [-2.1133875, 49.2121829], [-2.1133497, 49.2120734]]}, "properties": {"way_id": 1000061720, "name": "Grande Route de St. Jean"}}, {"type": "Feature", "geometry": {"type": "LineString", "coordinates": [[-2.1135889, 49.2245068], [-2.1133996, 49.2240583], [-2.1133443, 49.2238301], [-2.113321, 49.2236917], [-2.1133225, 49.2234698], [-2.1133351, 49.2233241], [-2.1133712, 49.2231919], [-2.1134811, 49.222962], [-2.1137921, 49.2224148], [-2.1138126, 49.2223534], [-2.113836, 49.2222831], [-2.1138608, 49.2220491], [-2.1138757, 49.2217998]]}, "properties": {"way_id": 1000061721, "name": "Grande Route de St. Jean"}}, {"type": "Feature", "geometry": {"type": "LineString", "coordinates": [[-2.044357, 49.2027797], [-2.0440994, 49.2027428], [-2.0433278, 49.2026115], [-2.0430841, 49.2026002], [-2.0427247, 49.2026075], [-2.0423763, 49.2026336]]}, "properties": {"way_id": 1000061722, "name": "Route de la Hougue Bie"}}, {"type": "Feature", "geometry": {"type": "LineString", "coordinates": [[-2.0487116, 49.2026599], [-2.0481722, 49.2026676], [-2.0476744, 49.2026606], [-2.0469091, 49.2026283], [-2.0467562, 49.2026364]]}, "properties": {"way_id": 1000061723, "name": "Route de la Hougue Bie"}}, {"type": "Feature", "geometry": {"type": "LineString", "coordinates": [[-2.0966349, 49.1770161], [-2.0968313, 49.1770069], [-2.0969039, 49.1770035], [-2.0970389, 49.1770147], [-2.0971958, 49.1770452], [-2.0973194, 49.1771149]]}, "properties": {"way_id": 1000061727, "name": "Gr\u00e8ve d'Azette"}}, {"type": "Feature", "geometry": {"type": "LineString", "coordinates": [[-2.1131245, 49.1866205], [-2.113282, 49.186558], [-2.113368, 49.1865241], [-2.113454, 49.1864901], [-2.1142909, 49.1861677], [-2.1143434, 49.1861475], [-2.1143959, 49.1861272]]}, "properties": {"way_id": 1017961305, "name": "Gloucester Street"}}, {"type": "Feature", "geometry": {"type": "LineString", "coordinates": [[-2.1121605, 49.1886205], [-2.1120298, 49.188622]]}, "properties": {"way_id": 1017961306, "name": "Elizabeth Place"}}, {"type": "Feature", "geometry": {"type": "LineString", "coordinates": [[-2.1120298, 49.188622], [-2.1120274, 49.188563], [-2.1120269, 49.1885032]]}, "properties": {"way_id": 1017961307, "name": "Elizabeth Place"}}, {"type": "Feature", "geometry": {"type": "LineString", "coordinates": [[-2.1121605, 49.1886205], [-2.1121018, 49.18857]]}, "properties": {"way_id": 1017961308, "name": "Cheapside"}}, {"type": "Feature", "geometry": {"type": "LineString", "coordinates": [[-2.1121018, 49.18857], [-2.1120269, 49.1885032]]}, "properties": {"way_id": 1017961309, "name": "The Parade"}}, {"type": "Feature", "geometry": {"type": "LineString", "coordinates": [[-2.1196734, 49.1899612], [-2.1191075, 49.1895447], [-2.1185431, 49.1891405], [-2.1184064, 49.1890425], [-2.1181925, 49.1888875], [-2.1178325, 49.1886267], [-2.1177482, 49.1885656]]}, "properties": {"way_id": 1017961310, "name": "Route de St. Aubin"}}, {"type": "Feature", "geometry": {"type": "LineString", "coordinates": [[-2.1164755, 49.1883427], [-2.1168595, 49.1883504], [-2.1168869, 49.1883521]]}, "properties": {"way_id": 1017961311, "name": "St. Aubin's Road"}}, {"type": "Feature", "geometry": {"type": "LineString", "coordinates": [[-2.1426681, 49.1968812], [-2.1434877, 49.1969055], [-2.1445042, 49.1969466]]}, "properties": {"way_id": 1073199044, "name": "Victoria Avenue"}}, {"type": "Feature", "geometry": {"type": "LineString", "coordinates": [[-2.1864138, 49.1848702], [-2.1861306, 49.1849268], [-2.1858913, 49.1849746], [-2.1854053, 49.1850555], [-2.1849371, 49.1850694], [-2.1840334, 49.1848348], [-2.1840095, 49.1848271], [-2.1837454, 49.1847419], [-2.1834137, 49.184635], [-2.1832559, 49.1846336]]}, "properties": {"way_id": 1092440958, "name": "Mont Sohier"}}, {"type": "Feature", "geometry": {"type": "LineString", "coordinates": [[-2.1824233, 49.1844763], [-2.182753, 49.184531], [-2.1828973, 49.1845552], [-2.1830582, 49.1845819], [-2.1832559, 49.1846336]]}, "properties": {"way_id": 1092440959, "name": "La Route des Genets"}}, {"type": "Feature", "geometry": {"type": "LineString", "coordinates": [[-2.1368703, 49.1999044], [-2.136994, 49.1996506], [-2.1371408, 49.1994491], [-2.1372917, 49.1993315], [-2.1374398, 49.1992432], [-2.137582, 49.1991855], [-2.1378532, 49.1991071], [-2.1379858, 49.1990664], [-2.138066, 49.1990207], [-2.1381566, 49.1989361], [-2.1382804, 49.1987198], [-2.1383157, 49.1986517], [-2.138351, 49.1985836]]}, "properties": {"way_id": 1092962627, "name": "Mont F\u00e9lard"}}, {"type": "Feature", "geometry": {"type": "LineString", "coordinates": [[-2.1412945, 49.1968271], [-2.1426681, 49.1968812]]}, "properties": {"way_id": 1092963673, "name": "Victoria Avenue"}}, {"type": "Feature", "geometry": {"type": "LineString", "coordinates": [[-2.1377265, 49.196586], [-2.138399, 49.1966671], [-2.1386519, 49.1966949], [-2.1393595, 49.1967548], [-2.1409506, 49.1968173], [-2.1412945, 49.1968271]]}, "properties": {"way_id": 1092963674, "name": "Victoria Avenue"}}, {"type": "Feature", "geometry": {"type": "LineString", "coordinates": [[-2.1377605, 49.1966745], [-2.1375218, 49.196637], [-2.1372343, 49.1965919], [-2.1368315, 49.1965163], [-2.1356625, 49.1962458], [-2.1341914, 49.1958708]]}, "properties": {"way_id": 1092963675, "name": "Victoria Avenue"}}, {"type": "Feature", "geometry": {"type": "LineString", "coordinates": [[-2.144507, 49.1970346], [-2.1436067, 49.1970087], [-2.1426308, 49.1969623], [-2.1415073, 49.1969082], [-2.1409309, 49.1968861], [-2.1392864, 49.1968131], [-2.1385469, 49.196755], [-2.1377605, 49.1966745]]}, "properties": {"way_id": 1092963676, "name": "Victoria Avenue"}}, {"type": "Feature", "geometry": {"type": "LineString", "coordinates": [[-2.0693072, 49.2284398], [-2.0692463, 49.2280079], [-2.0691556, 49.227498], [-2.0691216, 49.2273069], [-2.0691046, 49.2272156], [-2.0690315, 49.2268484], [-2.0690221, 49.226805], [-2.0687144, 49.225383], [-2.0686322, 49.2251782], [-2.0684411, 49.2249582], [-2.0675318, 49.2242222], [-2.0669463, 49.2237256], [-2.0668488, 49.2236122]]}, "properties": {"way_id": 1096304149, "name": "Route de Maufant"}}, {"type": "Feature", "geometry": {"type": "LineString", "coordinates": [[-2.1961997, 49.200749], [-2.1964374, 49.2004381]]}, "properties": {"way_id": 1100901120, "name": "Route des Quennevais"}}, {"type": "Feature", "geometry": {"type": "LineString", "coordinates": [[-2.195934, 49.2013927], [-2.1960284, 49.2011486], [-2.1960535, 49.2010838], [-2.1961997, 49.200749]]}, "properties": {"way_id": 1100901121, "name": "Route des Quennevais"}}, {"type": "Feature", "geometry": {"type": "LineString", "coordinates": [[-2.1954756, 49.2021095], [-2.1955633, 49.2020384], [-2.1956536, 49.2019367], [-2.1957225, 49.2018372], [-2.1958262, 49.2016711], [-2.195934, 49.2013927]]}, "properties": {"way_id": 1100901122, "name": "Route des Quennevais"}}, {"type": "Feature", "geometry": {"type": "LineString", "coordinates": [[-2.1882422, 49.2194399], [-2.1881859, 49.2193832], [-2.1879382, 49.2191336]]}, "properties": {"way_id": 1101066355, "name": "Grande Route de St Pierre"}}, {"type": "Feature", "geometry": {"type": "LineString", "coordinates": [[-2.1883689, 49.2195866], [-2.1882422, 49.2194399]]}, "properties": {"way_id": 1101066356, "name": "Grande Route de St Pierre"}}, {"type": "Feature", "geometry": {"type": "LineString", "coordinates": [[-2.2021586, 49.2322535], [-2.2020167, 49.2320474]]}, "properties": {"way_id": 1101070287, "name": "La Grande Route de Saint Ouen"}}, {"type": "Feature", "geometry": {"type": "LineString", "coordinates": [[-2.202409, 49.2326356], [-2.202367, 49.2325728]]}, "properties": {"way_id": 1101070994, "name": "Route de Vinchelez"}}, {"type": "Feature", "geometry": {"type": "LineString", "coordinates": [[-2.1341914, 49.1958708], [-2.133744, 49.1957404], [-2.1333529, 49.1956264], [-2.1330494, 49.1955362], [-2.1327077, 49.1954349], [-2.1324252, 49.1953512], [-2.1319033, 49.1951938], [-2.1311715, 49.1949809], [-2.1300405, 49.1946516], [-2.1293622, 49.1944293], [-2.1287865, 49.1942017], [-2.1284539, 49.194052]]}, "properties": {"way_id": 1102661158, "name": "Victoria Avenue"}}, {"type": "Feature", "geometry": {"type": "LineString", "coordinates": [[-2.1800117, 49.1840908], [-2.1799988, 49.1840219]]}, "properties": {"way_id": 1102882397, "name": "Route de Noirmont"}}, {"type": "Feature", "geometry": {"type": "LineString", "coordinates": [[-2.1791912, 49.1841959], [-2.1800117, 49.1840908]]}, "properties": {"way_id": 1102882398, "name": "Grande Route de St Brelade"}}, {"type": "Feature", "geometry": {"type": "LineString", "coordinates": [[-2.1473067, 49.1981447], [-2.1472007, 49.1981206]]}, "properties": {"way_id": 1103733944, "name": "La Vall\u00e9e de St Pierre"}}, {"type": "Feature", "geometry": {"type": "LineString", "coordinates": [[-2.1454143, 49.197218], [-2.1451516, 49.1971282], [-2.1448934, 49.1970542]]}, "properties": {"way_id": 1103736897, "name": "Victoria Avenue"}}, {"type": "Feature", "geometry": {"type": "LineString", "coordinates": [[-2.144915, 49.1969839], [-2.1452171, 49.1970658], [-2.1455068, 49.1971812]]}, "properties": {"way_id": 1103736898, "name": "Victoria Avenue"}}, {"type": "Feature", "geometry": {"type": "LineString", "coordinates": [[-2.1367408, 49.200284], [-2.1367653, 49.2001803], [-2.1368703, 49.1999044]]}, "properties": {"way_id": 1103737302, "name": "Mont F\u00e9lard"}}, {"type": "Feature", "geometry": {"type": "LineString", "coordinates": [[-2.1282386, 49.1938443], [-2.1285381, 49.1939891]]}, "properties": {"way_id": 1103741167, "name": "Victoria Avenue"}}, {"type": "Feature", "geometry": {"type": "LineString", "coordinates": [[-2.1285381, 49.1939891], [-2.1286504, 49.1940414], [-2.1290546, 49.1942298], [-2.1293902, 49.1943737], [-2.1299945, 49.1945788], [-2.1303096, 49.194677], [-2.1311534, 49.194921], [-2.1321766, 49.19522], [-2.1327474, 49.195389], [-2.1330499, 49.1954785], [-2.1332211, 49.1955292], [-2.1336319, 49.195649], [-2.1343132, 49.195837], [-2.1351419, 49.1960298], [-2.1362696, 49.196301], [-2.1366747, 49.1964026], [-2.1374525, 49.1965475], [-2.1375772, 49.1965662], [-2.1376205, 49.196572], [-2.1377265, 49.196586]]}, "properties": {"way_id": 1103741168, "name": "Victoria Avenue"}}, {"type": "Feature", "geometry": {"type": "LineString", "coordinates": [[-2.1284539, 49.194052], [-2.1283564, 49.1940081], [-2.1281768, 49.1939089]]}, "properties": {"way_id": 1103741169, "name": "Victoria Avenue"}}, {"type": "Feature", "geometry": {"type": "LineString", "coordinates": [[-2.127461, 49.1934534], [-2.1282386, 49.1938443]]}, "properties": {"way_id": 1103742176, "name": "Victoria Avenue"}}, {"type": "Feature", "geometry": {"type": "LineString", "coordinates": [[-2.1281768, 49.1939089], [-2.1276524, 49.1936346]]}, "properties": {"way_id": 1103742177, "name": "Victoria Avenue"}}, {"type": "Feature", "geometry": {"type": "LineString", "coordinates": [[-2.115946, 49.1869681], [-2.1160032, 49.1870009], [-2.1160422, 49.1870228], [-2.1166857, 49.187398]]}, "properties": {"way_id": 1103752743, "name": "Esplanade"}}, {"type": "Feature", "geometry": {"type": "LineString", "coordinates": [[-2.1157114, 49.1868424], [-2.115946, 49.1869681]]}, "properties": {"way_id": 1103752744, "name": "Esplanade"}}, {"type": "Feature", "geometry": {"type": "LineString", "coordinates": [[-2.1158903, 49.187074], [-2.1155554, 49.1868825]]}, "properties": {"way_id": 1103752745, "name": "Esplanade"}}, {"type": "Feature", "geometry": {"type": "LineString", "coordinates": [[-2.1166921, 49.1875587], [-2.116011, 49.1871484], [-2.1159938, 49.1871348], [-2.1158903, 49.187074]]}, "properties": {"way_id": 1103752746, "name": "Esplanade"}}, {"type": "Feature", "geometry": {"type": "LineString", "coordinates": [[-2.109583, 49.1906456], [-2.1095161, 49.1907796], [-2.1094183, 49.1909756]]}, "properties": {"way_id": 1103753895, "name": "Rouge Bouillon"}}, {"type": "Feature", "geometry": {"type": "LineString", "coordinates": [[-2.1554346, 49.1965999], [-2.1564367, 49.1966119], [-2.1575343, 49.1966248], [-2.1579012, 49.1966297], [-2.1581967, 49.1966322], [-2.1584772, 49.196598], [-2.1586596, 49.1965519]]}, "properties": {"way_id": 1159203431, "name": "Route de la Haule"}}, {"type": "Feature", "geometry": {"type": "LineString", "coordinates": [[-2.1586596, 49.1965519], [-2.1587294, 49.1965948], [-2.1590326, 49.1967812], [-2.1594099, 49.1971369], [-2.1596017, 49.197269], [-2.1605788, 49.197955], [-2.1614614, 49.1986918], [-2.1616471, 49.1988568]]}, "properties": {"way_id": 1159203432, "name": "Route de Beaumont"}}, {"type": "Feature", "geometry": {"type": "LineString", "coordinates": [[-2.1780871, 49.209689], [-2.1778398, 49.2095486], [-2.1771872, 49.209218], [-2.1762937, 49.2088962], [-2.1757507, 49.2087052]]}, "properties": {"way_id": 1159204700, "name": "Route de Beaumont"}}, {"type": "Feature", "geometry": {"type": "LineString", "coordinates": [[-2.1948518, 49.2243281], [-2.1943877, 49.2240564], [-2.193357, 49.2234496], [-2.1926337, 49.2229785], [-2.1924755, 49.2228686], [-2.1922677, 49.2227241]]}, "properties": {"way_id": 1242431480, "name": "Grande Route de St Ouen"}}, {"type": "Feature", "geometry": {"type": "LineString", "coordinates": [[-2.1984421, 49.2273084], [-2.1977015, 49.2268816], [-2.1972815, 49.2265635], [-2.1965342, 49.2258745], [-2.1954176, 49.2248447]]}, "properties": {"way_id": 1242431481, "name": "Grande Route de St Ouen"}}, {"type": "Feature", "geometry": {"type": "LineString", "coordinates": [[-2.1954176, 49.2248447], [-2.1949145, 49.2243803], [-2.1948518, 49.2243281]]}, "properties": {"way_id": 1242431482, "name": "Grande Route de St Ouen"}}, {"type": "Feature", "geometry": {"type": "LineString", "coordinates": [[-2.2010886, 49.2307782], [-2.2004545, 49.2300349]]}, "properties": {"way_id": 1253801171, "name": "Grande Route de St Ouen"}}, {"type": "Feature", "geometry": {"type": "LineString", "coordinates": [[-2.2004545, 49.2300349], [-2.2004192, 49.2300007], [-2.2002954, 49.2298808], [-2.2001852, 49.2297506], [-2.2000446, 49.2295296]]}, "properties": {"way_id": 1253801172, "name": "Grande Route de St Ouen"}}, {"type": "Feature", "geometry": {"type": "LineString", "coordinates": [[-2.203473, 49.234281], [-2.2031065, 49.2337197], [-2.2030615, 49.2336504], [-2.2030147, 49.2335782], [-2.2028017, 49.23325]]}, "properties": {"way_id": 1253801173, "name": "Route de Vinchelez"}}, {"type": "Feature", "geometry": {"type": "LineString", "coordinates": [[-2.2028017, 49.23325], [-2.2026001, 49.2329209], [-2.2025656, 49.2328694], [-2.2024661, 49.2327209], [-2.202409, 49.2326356]]}, "properties": {"way_id": 1253801174, "name": "Route de Vinchelez"}}, {"type": "Feature", "geometry": {"type": "LineString", "coordinates": [[-2.2041704, 49.2360842], [-2.2040457, 49.2359545], [-2.2039798, 49.235886], [-2.2039195, 49.2357718]]}, "properties": {"way_id": 1253801175, "name": "Route de Vinchelez"}}, {"type": "Feature", "geometry": {"type": "LineString", "coordinates": [[-2.2039195, 49.2357718], [-2.2038578, 49.2356037], [-2.2038156, 49.2353832]]}, "properties": {"way_id": 1253801176, "name": "Route de Vinchelez"}}, {"type": "Feature", "geometry": {"type": "LineString", "coordinates": [[-2.1696611, 49.2351106], [-2.1692205, 49.2351534], [-2.1688284, 49.2352152], [-2.1683519, 49.2352764], [-2.1683369, 49.2352789], [-2.168321, 49.2352815], [-2.1681171, 49.2353155], [-2.167729, 49.2353801], [-2.1677028, 49.2353858]]}, "properties": {"way_id": 1254209421, "name": "La Rue des Buttes"}}, {"type": "Feature", "geometry": {"type": "LineString", "coordinates": [[-2.1658891, 49.2452327], [-2.1659776, 49.2454048], [-2.1662592, 49.2458951], [-2.1668307, 49.2469618], [-2.1671951, 49.2476055], [-2.1674811, 49.2480459], [-2.1675611, 49.2482248], [-2.1676228, 49.2483668], [-2.167683, 49.2486015], [-2.16775, 49.2490048], [-2.1677424, 49.2491392], [-2.167725, 49.2492565], [-2.1677059, 49.2493284]]}, "properties": {"way_id": 1254209422, "name": "Grande Rue"}}, {"type": "Feature", "geometry": {"type": "LineString", "coordinates": [[-2.1531466, 49.2012247], [-2.1531063, 49.2011997], [-2.1528912, 49.2011145]]}, "properties": {"way_id": 1255796934, "name": "La Vall\u00e9e de St Pierre"}}, {"type": "Feature", "geometry": {"type": "LineString", "coordinates": [[-2.1494919, 49.2000473], [-2.1489844, 49.1996591], [-2.1488451, 49.1995884], [-2.148524, 49.1994422], [-2.1483493, 49.1993566], [-2.1482705, 49.1992847], [-2.1481142, 49.1990123], [-2.1480875, 49.1989651], [-2.1480155, 49.1988377], [-2.1479472, 49.1987221], [-2.1478399, 49.1985806], [-2.1477654, 49.1985087], [-2.1477122, 49.1984574], [-2.1475709, 49.1983354], [-2.1473726, 49.1981768]]}, "properties": {"way_id": 1255796935, "name": "La Vall\u00e9e de St Pierre"}}, {"type": "Feature", "geometry": {"type": "LineString", "coordinates": [[-2.1523254, 49.2009121], [-2.1516632, 49.2007171], [-2.1511099, 49.2005848], [-2.1506585, 49.2004671], [-2.1503345, 49.2003804], [-2.1501605, 49.2003324], [-2.1499991, 49.2002845], [-2.1498636, 49.2002398], [-2.1497391, 49.2001848], [-2.1496219, 49.2001271], [-2.1494919, 49.2000473]]}, "properties": {"way_id": 1255796936, "name": "La Vall\u00e9e de St Pierre"}}, {"type": "Feature", "geometry": {"type": "LineString", "coordinates": [[-2.1608767, 49.20869], [-2.1606158, 49.2085645], [-2.1604362, 49.2084886], [-2.160299, 49.208447], [-2.1601542, 49.2084217], [-2.1599824, 49.2084092], [-2.1597484, 49.2084019], [-2.1594273, 49.2083849], [-2.1591798, 49.2083686], [-2.158968, 49.2083465], [-2.1587433, 49.208306], [-2.158652, 49.2082825], [-2.1585588, 49.2082445], [-2.1584559, 49.2081806], [-2.1583407, 49.2080783], [-2.1581996, 49.2079567], [-2.1580496, 49.2078188], [-2.1579904, 49.2077356], [-2.157947, 49.2076484], [-2.1579248, 49.2075674], [-2.157951, 49.2074493], [-2.1580524, 49.2072565], [-2.1581827, 49.2070309], [-2.1582069, 49.2069428], [-2.1581961, 49.2068535], [-2.1581768, 49.2067708], [-2.1581357, 49.206698], [-2.1580225, 49.2065855], [-2.157826, 49.2064382], [-2.1574915, 49.2062452], [-2.1569999, 49.2060298], [-2.156747, 49.2059192], [-2.1565583, 49.2058111], [-2.1564565, 49.2057338], [-2.1559004, 49.2051809], [-2.1557032, 49.2050201], [-2.1556252, 49.2049752], [-2.1555223, 49.2049542], [-2.1552239, 49.2049202], [-2.1550052, 49.2048807], [-2.1549137, 49.2048314], [-2.1548663, 49.2047802], [-2.1548496, 49.204701], [-2.1548541, 49.2044987], [-2.1548723, 49.2044205], [-2.1549619, 49.2041731]]}, "properties": {"way_id": 1255796937, "name": "La Vall\u00e9e de St Pierre"}}, {"type": "Feature", "geometry": {"type": "LineString", "coordinates": [[-2.1324741, 49.1961215], [-2.1322991, 49.1960465], [-2.131878, 49.1958848], [-2.1315989, 49.1957901], [-2.1313512, 49.1957099], [-2.1312005, 49.1956598], [-2.1310497, 49.1956097], [-2.1309123, 49.1955618], [-2.1304682, 49.1954191], [-2.1294888, 49.1950852], [-2.1288907, 49.1948485], [-2.1284639, 49.1946638], [-2.1282243, 49.1945604]]}, "properties": {"way_id": 1255796938, "name": "Route de St. Aubin"}}, {"type": "Feature", "geometry": {"type": "LineString", "coordinates": [[-2.1528912, 49.2011145], [-2.1525769, 49.2009901], [-2.1523254, 49.2009121]]}, "properties": {"way_id": 1255796940, "name": "La Vall\u00e9e de St Pierre"}}, {"type": "Feature", "geometry": {"type": "LineString", "coordinates": [[-2.1549619, 49.2041731], [-2.1550911, 49.2038161]]}, "properties": {"way_id": 1255796941, "name": "La Vall\u00e9e de St Pierre"}}, {"type": "Feature", "geometry": {"type": "LineString", "coordinates": [[-2.1550911, 49.2038161], [-2.1551188, 49.2037396], [-2.1551884, 49.2035485], [-2.155175, 49.2032757], [-2.1549817, 49.2024845], [-2.1549489, 49.2023841], [-2.1548678, 49.2022366], [-2.1548432, 49.2021995], [-2.1547637, 49.2020795], [-2.1546677, 49.201968], [-2.1544923, 49.2018064], [-2.1543838, 49.2017239], [-2.1543255, 49.2016924], [-2.1542649, 49.2016597], [-2.1541297, 49.2015866], [-2.1538334, 49.2014652], [-2.1531466, 49.2012247]]}, "properties": {"way_id": 1255796942, "name": "La Vall\u00e9e de St Pierre"}}, {"type": "Feature", "geometry": {"type": "LineString", "coordinates": [[-2.2261459, 49.2193695], [-2.2264667, 49.2204022], [-2.2266174, 49.2207306], [-2.2268932, 49.2212149], [-2.2269155, 49.2212477], [-2.2270988, 49.2215164], [-2.2274779, 49.2220724], [-2.2277618, 49.2224779], [-2.2286604, 49.2237941], [-2.228842, 49.2240593], [-2.2297119, 49.2253023], [-2.2302617, 49.2261016], [-2.2312853, 49.2275896], [-2.2313357, 49.2276629], [-2.2314395, 49.2278109], [-2.2315368, 49.2279495], [-2.2316982, 49.228185], [-2.2332531, 49.2304588], [-2.2335903, 49.2309519], [-2.2336252, 49.2309997], [-2.2337334, 49.2311479], [-2.233921, 49.2314047], [-2.2339356, 49.2315022]]}, "properties": {"way_id": 1256351572, "name": "Grande Route des Mielles"}}, {"type": "Feature", "geometry": {"type": "LineString", "coordinates": [[-2.2237269, 49.2111416], [-2.2241461, 49.2125531], [-2.2247842, 49.2147014], [-2.2248282, 49.2148494], [-2.2254224, 49.2168813], [-2.2254389, 49.2169378], [-2.2258953, 49.2184969], [-2.2259028, 49.2185227], [-2.2261459, 49.2193695]]}, "properties": {"way_id": 1256351574, "name": "Grande Route des Mielles"}}, {"type": "Feature", "geometry": {"type": "LineString", "coordinates": [[-2.2233557, 49.2101781], [-2.2235441, 49.2105216], [-2.2237269, 49.2111416]]}, "properties": {"way_id": 1256351575, "name": "Grande Route des Mielles"}}, {"type": "Feature", "geometry": {"type": "LineString", "coordinates": [[-2.2199394, 49.1860684], [-2.2201965, 49.186063], [-2.2204479, 49.186044], [-2.2208664, 49.1859941], [-2.2209845, 49.18598], [-2.2210488, 49.1859734], [-2.2212284, 49.1859559]]}, "properties": {"way_id": 1256353456, "name": "Rue de la Sergente"}}, {"type": "Feature", "geometry": {"type": "LineString", "coordinates": [[-2.2216018, 49.1859473], [-2.2223479, 49.1859301], [-2.2228179, 49.1859592], [-2.2233436, 49.1860333], [-2.2236943, 49.1861252], [-2.2242138, 49.1863143], [-2.2244719, 49.1864083], [-2.2246946, 49.1865044], [-2.2252682, 49.1867814], [-2.2257288, 49.1870219], [-2.2258621, 49.1870928]]}, "properties": {"way_id": 1256353457, "name": "Rue de la Sergente"}}, {"type": "Feature", "geometry": {"type": "LineString", "coordinates": [[-2.2017388, 49.1903825], [-2.2028395, 49.1901888], [-2.2037178, 49.1900414], [-2.2051003, 49.1897998], [-2.2053656, 49.1897534], [-2.2054703, 49.1897351], [-2.2062593, 49.1895972]]}, "properties": {"way_id": 1257003214, "name": "Route Orange"}}, {"type": "Feature", "geometry": {"type": "LineString", "coordinates": [[-2.2169379, 49.186585], [-2.2170625, 49.1863907], [-2.2173052, 49.1860124]]}, "properties": {"way_id": 1257003216, "name": "Route Orange"}}, {"type": "Feature", "geometry": {"type": "LineString", "coordinates": [[-2.215211, 49.188067], [-2.2156225, 49.1879976], [-2.2157905, 49.1879406], [-2.2159305, 49.1878639], [-2.2160639, 49.187765], [-2.2160778, 49.1877547], [-2.2162054, 49.1875876], [-2.2165418, 49.1871479], [-2.2166728, 49.1869768], [-2.2167579, 49.1868656], [-2.2169379, 49.186585]]}, "properties": {"way_id": 1257003217, "name": "Route Orange"}}, {"type": "Feature", "geometry": {"type": "LineString", "coordinates": [[-2.2062593, 49.1895972], [-2.2073591, 49.1894112], [-2.2083765, 49.1892392], [-2.2088954, 49.1891486], [-2.20894, 49.1891416], [-2.2102154, 49.1889314], [-2.2106985, 49.1888518], [-2.2110193, 49.1887952], [-2.2113266, 49.1887443], [-2.2128139, 49.18848], [-2.213579, 49.1883417], [-2.2138306, 49.1883029], [-2.2139756, 49.1882779]]}, "properties": {"way_id": 1257003218, "name": "Route Orange"}}, {"type": "Feature", "geometry": {"type": "LineString", "coordinates": [[-2.2173052, 49.1860124], [-2.2175886, 49.1857068], [-2.2175977, 49.1856985], [-2.2180294, 49.1853101]]}, "properties": {"way_id": 1257003219, "name": "Route Orange"}}, {"type": "Feature", "geometry": {"type": "LineString", "coordinates": [[-2.1778348, 49.1827778], [-2.1776857, 49.1827058], [-2.1774898, 49.1825415], [-2.1773027, 49.1823173], [-2.1771439, 49.1821402], [-2.1769862, 49.1819531], [-2.176966, 49.1818961], [-2.1769595, 49.1817142], [-2.176953, 49.1815719], [-2.176935, 49.1814816], [-2.1769373, 49.1814592], [-2.1768319, 49.181175], [-2.1767565, 49.18106], [-2.1766245, 49.1808588], [-2.1765884, 49.1808037], [-2.1764749, 49.1806788], [-2.1763719, 49.1805654], [-2.1762628, 49.1804769], [-2.1761016, 49.1803462], [-2.175443, 49.1798962], [-2.1754056, 49.1798666], [-2.1752659, 49.1797559], [-2.1751037, 49.1796222], [-2.1750121, 49.1795466], [-2.1743105, 49.178968], [-2.1742011, 49.1788777], [-2.174157, 49.1788397], [-2.173719, 49.1784621], [-2.1734533, 49.1780757], [-2.1732727, 49.1776527], [-2.1731961, 49.1771149], [-2.1731885, 49.1770612], [-2.1731042, 49.176573]]}, "properties": {"way_id": 1266647796, "name": "Route de Noirmont"}}, {"type": "Feature", "geometry": {"type": "LineString", "coordinates": [[-2.184721, 49.1858383], [-2.1848849, 49.1859912], [-2.1849145, 49.1860188], [-2.1850876, 49.1861642], [-2.185962, 49.18682], [-2.1862425, 49.1869538], [-2.1865362, 49.1870938], [-2.1865994, 49.1871212], [-2.1873081, 49.187409], [-2.1879859, 49.1876843], [-2.1884187, 49.1878751], [-2.1888677, 49.1880559], [-2.1894481, 49.1883094], [-2.1895959, 49.1883672], [-2.1897991, 49.1884107], [-2.1903211, 49.1885175], [-2.19165, 49.1887047], [-2.1922078, 49.1887871], [-2.1922162, 49.1887883], [-2.1923802, 49.1888123], [-2.1933773, 49.1889767], [-2.1937236, 49.189051], [-2.1939146, 49.1891014]]}, "properties": {"way_id": 1266647797, "name": "Route des Genets"}}, {"type": "Feature", "geometry": {"type": "LineString", "coordinates": [[-2.1790178, 49.1833807], [-2.1788141, 49.1832602], [-2.1785132, 49.1831103], [-2.1781457, 49.1829279], [-2.1778348, 49.1827778]]}, "properties": {"way_id": 1266647798, "name": "Route de Noirmont"}}, {"type": "Feature", "geometry": {"type": "LineString", "coordinates": [[-2.1731042, 49.176573], [-2.1730983, 49.1761699], [-2.1731258, 49.1759484], [-2.1726942, 49.1751298], [-2.1725888, 49.1747939], [-2.1725549, 49.1745782], [-2.1725691, 49.1744633]]}, "properties": {"way_id": 1266647799, "name": "Route de Noirmont"}}, {"type": "Feature", "geometry": {"type": "LineString", "coordinates": [[-2.1841583, 49.1853217], [-2.1844064, 49.1855449], [-2.1844312, 49.185568], [-2.184721, 49.1858383]]}, "properties": {"way_id": 1266647800, "name": "Route des Genets"}}, {"type": "Feature", "geometry": {"type": "LineString", "coordinates": [[-2.1779268, 49.1883785], [-2.1779902, 49.1884227], [-2.1784111, 49.1887608], [-2.1785672, 49.1888922], [-2.1787489, 49.1890058], [-2.1790139, 49.1891278], [-2.1793801, 49.1892483], [-2.1794103, 49.1892583], [-2.1796754, 49.1893192], [-2.1798202, 49.1893145], [-2.1799921, 49.1892486], [-2.1800698, 49.1891902]]}, "properties": {"way_id": 1266647801, "name": "Mont les Vaux"}}, {"type": "Feature", "geometry": {"type": "LineString", "coordinates": [[-2.173069, 49.1878642], [-2.1733783, 49.1878472], [-2.1747305, 49.1879831]]}, "properties": {"way_id": 1267267798, "name": "Mont les Vaux"}}, {"type": "Feature", "geometry": {"type": "LineString", "coordinates": [[-2.1747305, 49.1879831], [-2.1753799, 49.1880484], [-2.1755416, 49.1880647], [-2.176497, 49.1881599]]}, "properties": {"way_id": 1267267799, "name": "Mont les Vaux"}}, {"type": "Feature", "geometry": {"type": "LineString", "coordinates": [[-2.1691612, 49.1891595], [-2.1694282, 49.1888028], [-2.1695233, 49.188668]]}, "properties": {"way_id": 1267267800, "name": "La Neuve Route"}}, {"type": "Feature", "geometry": {"type": "LineString", "coordinates": [[-2.1155554, 49.1868825], [-2.1150881, 49.1866154]]}, "properties": {"way_id": 1270219674, "name": "Esplanade"}}, {"type": "Feature", "geometry": {"type": "LineString", "coordinates": [[-2.1181738, 49.1883982], [-2.1177994, 49.1881932], [-2.117191, 49.1878458], [-2.1171513, 49.187823], [-2.1170092, 49.1877382]]}, "properties": {"way_id": 1270219675, "name": "Victoria Avenue"}}, {"type": "Feature", "geometry": {"type": "LineString", "coordinates": [[-2.1548477, 49.2062588], [-2.1548008, 49.2063758], [-2.1545783, 49.2066947], [-2.1544626, 49.2068182], [-2.1540509, 49.2072264], [-2.1538827, 49.2073677], [-2.1538333, 49.2074209], [-2.153754, 49.207527], [-2.1537126, 49.2076187], [-2.1536375, 49.2080231], [-2.1535409, 49.2082391], [-2.1534473, 49.2084049], [-2.1533818, 49.2084789], [-2.1533027, 49.208545], [-2.1531056, 49.2086835], [-2.1529375, 49.2088402]]}, "properties": {"way_id": 1272526592, "name": "Rue des Pr\u00e9s Sorsoleil"}}, {"type": "Feature", "geometry": {"type": "LineString", "coordinates": [[-2.1550469, 49.2052294], [-2.1550617, 49.2053555], [-2.1550016, 49.2057318], [-2.154907, 49.2061108], [-2.1548477, 49.2062588]]}, "properties": {"way_id": 1272526593, "name": "Rue des Pr\u00e9s Sorsoleil"}}, {"type": "Feature", "geometry": {"type": "LineString", "coordinates": [[-2.089686, 49.2329682], [-2.0896171, 49.232954]]}, "properties": {"way_id": 1272576746, "name": "Rue \u00e8s Picots"}}, {"type": "Feature", "geometry": {"type": "LineString", "coordinates": [[-2.0883317, 49.2329238], [-2.087913, 49.232946], [-2.0868121, 49.2329691]]}, "properties": {"way_id": 1272576748, "name": "Rue \u00e8s Picots"}}, {"type": "Feature", "geometry": {"type": "LineString", "coordinates": [[-2.0896171, 49.232954], [-2.0895098, 49.2329369], [-2.0893945, 49.2329185], [-2.0892954, 49.2329098], [-2.0889242, 49.2328924], [-2.0883317, 49.2329238]]}, "properties": {"way_id": 1272576749, "name": "Rue \u00e8s Picots"}}, {"type": "Feature", "geometry": {"type": "LineString", "coordinates": [[-2.0823769, 49.1979565], [-2.0825084, 49.1979251], [-2.0826799, 49.1978848], [-2.0828717, 49.1978419], [-2.0829987, 49.1978131], [-2.083188, 49.197773], [-2.0834336, 49.197721], [-2.0836215, 49.1976838], [-2.0844815, 49.1975379], [-2.0846507, 49.1975092], [-2.0847236, 49.1974968], [-2.0848035, 49.1974833], [-2.0851094, 49.1974287], [-2.085208, 49.1974111], [-2.0852679, 49.1974004], [-2.0858826, 49.197295], [-2.0860299, 49.197268], [-2.0866523, 49.1971398]]}, "properties": {"way_id": 1272878496, "name": "St. Saviour's Hill"}}, {"type": "Feature", "geometry": {"type": "LineString", "coordinates": [[-2.1134854, 49.1892171], [-2.113236, 49.1893088], [-2.1132041, 49.1893202]]}, "properties": {"way_id": 1272878497, "name": "Peirson Road"}}, {"type": "Feature", "geometry": {"type": "LineString", "coordinates": [[-2.1212766, 49.1912157], [-2.1201772, 49.1903319], [-2.1196734, 49.1899612]]}, "properties": {"way_id": 1272878498, "name": "Route de St. Aubin"}}, {"type": "Feature", "geometry": {"type": "LineString", "coordinates": [[-2.0866523, 49.1971398], [-2.0867528, 49.1971112], [-2.0869542, 49.197054], [-2.0872784, 49.1969452], [-2.0876353, 49.1968255], [-2.0878974, 49.1967275], [-2.0882547, 49.1965883], [-2.0890361, 49.1963089], [-2.0892401, 49.1962573], [-2.0894835, 49.1962104], [-2.0896335, 49.1961888]]}, "properties": {"way_id": 1272878500, "name": "St. Saviour's Hill"}}, {"type": "Feature", "geometry": {"type": "LineString", "coordinates": [[-2.0714521, 49.2044413], [-2.0717569, 49.2041821], [-2.0722406, 49.2039026], [-2.0736045, 49.2032354], [-2.0736503, 49.203213], [-2.0739155, 49.2030766], [-2.0739853, 49.2030407], [-2.0744733, 49.2027824], [-2.0748763, 49.2025272], [-2.0753351, 49.202195], [-2.0757028, 49.2018947]]}, "properties": {"way_id": 1272878503, "name": "Grande Route de St Martin"}}, {"type": "Feature", "geometry": {"type": "LineString", "coordinates": [[-2.0787648, 49.199625], [-2.0788892, 49.199552], [-2.0789097, 49.19954], [-2.0791744, 49.1993848], [-2.0798905, 49.198965], [-2.0802023, 49.1987823], [-2.0803739, 49.1986817], [-2.0805149, 49.198599], [-2.0805704, 49.1985665], [-2.080614, 49.198541], [-2.080753, 49.1984595], [-2.0808133, 49.1984241], [-2.0809248, 49.1983588], [-2.0811025, 49.1982091]]}, "properties": {"way_id": 1272878506, "name": "La Grande Route de St. Martin"}}, {"type": "Feature", "geometry": {"type": "LineString", "coordinates": [[-2.1282243, 49.1945604], [-2.1280496, 49.1944798], [-2.1277514, 49.1943423], [-2.1276505, 49.1942957], [-2.1272541, 49.1941129], [-2.1271543, 49.1940683], [-2.1266928, 49.1938718], [-2.1264808, 49.1937815], [-2.1262487, 49.1936685], [-2.1261799, 49.193635], [-2.1259004, 49.1934974], [-2.1258844, 49.1934892], [-2.1255788, 49.193334], [-2.1252028, 49.1931549], [-2.1249588, 49.1930466], [-2.1245634, 49.1928712], [-2.1240479, 49.1926467], [-2.123792, 49.1925326], [-2.1233747, 49.1923549], [-2.1232377, 49.192296], [-2.1232075, 49.1922831], [-2.1227042, 49.192073], [-2.1225935, 49.1920248], [-2.1221316, 49.1918235], [-2.1218775, 49.1916949], [-2.1217854, 49.1916409], [-2.1216884, 49.1915606], [-2.121587, 49.191479], [-2.1213357, 49.1912632], [-2.1212766, 49.1912157]]}, "properties": {"way_id": 1272878509, "name": "Route de St. Aubin"}}, {"type": "Feature", "geometry": {"type": "LineString", "coordinates": [[-2.0467562, 49.2026364], [-2.0466204, 49.2026478], [-2.0461583, 49.2027002], [-2.0458086, 49.2027481]]}, "properties": {"way_id": 1272889111, "name": "Route de la Hougue Bie"}}, {"type": "Feature", "geometry": {"type": "LineString", "coordinates": [[-2.0458086, 49.2027481], [-2.0451925, 49.2027938]]}, "properties": {"way_id": 1272889112, "name": "Route de la Hougue Bie"}}, {"type": "Feature", "geometry": {"type": "LineString", "coordinates": [[-2.0535579, 49.2020471], [-2.0531172, 49.2022137], [-2.0527835, 49.2023103], [-2.0524849, 49.2023571], [-2.052228, 49.2023909], [-2.0518779, 49.202408], [-2.0511839, 49.2024503], [-2.0505037, 49.2025231], [-2.050146, 49.2025664], [-2.0487116, 49.2026599]]}, "properties": {"way_id": 1272889113, "name": "Route de la Hougue Bie"}}, {"type": "Feature", "geometry": {"type": "LineString", "coordinates": [[-2.0406502, 49.2020904], [-2.0402979, 49.2019223], [-2.0399996, 49.2017957], [-2.0398683, 49.2017507], [-2.0395222, 49.2017042], [-2.0391611, 49.2016854], [-2.0387882, 49.2016902], [-2.0382176, 49.201744], [-2.0377478, 49.2018017], [-2.037336, 49.2018818], [-2.0369917, 49.2019595], [-2.0367058, 49.202024], [-2.0366438, 49.2020351], [-2.0363155, 49.202094], [-2.0359977, 49.2021682], [-2.0356084, 49.2022971], [-2.035383, 49.2023847], [-2.0351667, 49.2024892], [-2.034712, 49.2026732], [-2.0339587, 49.2030175], [-2.033828, 49.2031206], [-2.0336514, 49.20328], [-2.0330421, 49.2037884], [-2.0329737, 49.203859]]}, "properties": {"way_id": 1272889114, "name": "Rue d'Aval"}}, {"type": "Feature", "geometry": {"type": "LineString", "coordinates": [[-2.0451925, 49.2027938], [-2.0448055, 49.2028103], [-2.0447087, 49.2028037], [-2.044357, 49.2027797]]}, "properties": {"way_id": 1272889115, "name": "Route de la Hougue Bie"}}, {"type": "Feature", "geometry": {"type": "LineString", "coordinates": [[-2.0423763, 49.2026336], [-2.0423505, 49.2026428], [-2.0422788, 49.2026682], [-2.0420357, 49.2027884]]}, "properties": {"way_id": 1272889116, "name": "Route de la Hougue Bie"}}, {"type": "Feature", "geometry": {"type": "LineString", "coordinates": [[-2.0266323, 49.211893], [-2.0263276, 49.2116941], [-2.0261468, 49.2115132], [-2.0260281, 49.2112954], [-2.0259601, 49.2110915], [-2.0259271, 49.2105301], [-2.0258828, 49.2102314]]}, "properties": {"way_id": 1286451853, "name": "La Grande Route de Ste Catherine"}}, {"type": "Feature", "geometry": {"type": "LineString", "coordinates": [[-2.0471231, 49.2275571], [-2.0470612, 49.2274099], [-2.0469993, 49.2272264], [-2.0469707, 49.2271131], [-2.0469329, 49.2269629], [-2.0468385, 49.2266995], [-2.0467159, 49.2264074], [-2.0466145, 49.2259491], [-2.0466121, 49.2256127], [-2.0466668, 49.225185], [-2.046699, 49.2249079], [-2.0467297, 49.2248177], [-2.0468279, 49.2246844], [-2.0470065, 49.2244549], [-2.0470894, 49.2243309], [-2.0471752, 49.2241626], [-2.0473254, 49.2239033], [-2.0474358, 49.2236872], [-2.0475233, 49.2234288], [-2.0475928, 49.2231639]]}, "properties": {"way_id": 1286451854, "name": "Grande Route de Rozel"}}, {"type": "Feature", "geometry": {"type": "LineString", "coordinates": [[-2.0258828, 49.2102314], [-2.025873, 49.2102086], [-2.0258384, 49.2101282], [-2.0257617, 49.2099761], [-2.0256628, 49.2098219], [-2.0255078, 49.2096262], [-2.0254826, 49.2095997], [-2.0254374, 49.2095523], [-2.0252193, 49.2093511], [-2.0249306, 49.209153], [-2.0248242, 49.2090875], [-2.0246854, 49.2090089], [-2.0244991, 49.2089375], [-2.024278, 49.208885], [-2.0240986, 49.2088483], [-2.023502, 49.2087377], [-2.0228557, 49.2086016], [-2.0222824, 49.2084506], [-2.0220229, 49.2083739], [-2.0218678, 49.2083168], [-2.0217791, 49.2082732], [-2.0216928, 49.2082218], [-2.0216265, 49.2081643], [-2.0215823, 49.2080999], [-2.0215574, 49.2080348], [-2.0215516, 49.2079541], [-2.0215578, 49.2078609], [-2.021586, 49.2077642], [-2.0216497, 49.2076385], [-2.0217733, 49.2074445], [-2.0219149, 49.2072115], [-2.0219731, 49.2071332], [-2.0220393, 49.2070715], [-2.0221119, 49.2070155], [-2.0222866, 49.2069073]]}, "properties": {"way_id": 1286451856, "name": "La Grande Route de Ste Catherine"}}, {"type": "Feature", "geometry": {"type": "LineString", "coordinates": [[-2.0271467, 49.2122125], [-2.0269606, 49.2121002], [-2.0266323, 49.211893]]}, "properties": {"way_id": 1286451857, "name": "La Grande Route de Ste Catherine"}}, {"type": "Feature", "geometry": {"type": "LineString", "coordinates": [[-2.0927146, 49.2333258], [-2.0925542, 49.2334636], [-2.092423, 49.2335627]]}, "properties": {"way_id": 1292928060, "name": "Route de la Trinit\u00e9"}}, {"type": "Feature", "geometry": {"type": "LineString", "coordinates": [[-2.0824146, 49.2139355], [-2.082372, 49.2140835], [-2.0820525, 49.2146191], [-2.0819908, 49.2147355], [-2.0818044, 49.2151353], [-2.0815567, 49.2162105]]}, "properties": {"way_id": 1317405443, "name": "Rue de la Boucterie"}}, {"type": "Feature", "geometry": {"type": "LineString", "coordinates": [[-2.1156233, 49.2061991], [-2.1155609, 49.2057289], [-2.1155734, 49.2050629], [-2.1155026, 49.2044795], [-2.1155494, 49.2041277], [-2.11555, 49.204012], [-2.1154625, 49.2037819], [-2.1154544, 49.2037209]]}, "properties": {"way_id": 1317562426, "name": "Grande Route du Mont \u00e0 l'Abb\u00e9"}}, {"type": "Feature", "geometry": {"type": "LineString", "coordinates": [[-2.0581851, 49.1817061], [-2.0583952, 49.1815645], [-2.058507, 49.1814992]]}, "properties": {"way_id": 1388183515, "name": "Mont du Val la Give"}}, {"type": "Feature", "geometry": {"type": "LineString", "coordinates": [[-2.0580095, 49.1818202], [-2.0581851, 49.1817061]]}, "properties": {"way_id": 1388183516, "name": "Mont du Val la Give"}}, {"type": "Feature", "geometry": {"type": "LineString", "coordinates": [[-2.1812033, 49.2049447], [-2.1807628, 49.2041035]]}, "properties": {"way_id": 1388184203, "name": "Rue des Landes"}}, {"type": "Feature", "geometry": {"type": "LineString", "coordinates": [[-2.1138757, 49.2217998], [-2.113901, 49.2216138], [-2.1140053, 49.221265], [-2.1141699, 49.2207624], [-2.1141824, 49.2207243]]}, "properties": {"way_id": 1388184835, "name": "Grande Route de St. Jean"}}, {"type": "Feature", "geometry": {"type": "LineString", "coordinates": [[-2.1141824, 49.2207243], [-2.1142705, 49.2204618]]}, "properties": {"way_id": 1388184836, "name": "Grande Route de St. Jean"}}]}